{
  "metadata": {
    "author": "김동리",
    "total_works": 3,
    "works": [
      {
        "title": "김동리",
        "year": "1936",
        "file_name": "1936_김동리_바위_tagged.txt"
      },
      {
        "title": "역마",
        "year": "1948",
        "file_name": "1948_역마_김동리_tagged.txt"
      },
      {
        "title": "등신불",
        "year": "1961",
        "file_name": "1961_등신불_김동리_tagged.txt"
      }
    ]
  },
  "sentence_statistics": {
    "total_sentence_count": 877,
    "sentence_char_stats": {
      "mean": 33.587229190421894,
      "std": 27.403038911431906,
      "median": 27.0,
      "min": 0,
      "max": 201
    },
    "sentence_word_stats": {
      "mean": 11.96351197263398,
      "std": 9.813473179922047,
      "median": 10.0,
      "min": 1,
      "max": 74
    },
    "sentence_morpheme_stats": {
      "mean": 30.843870967741935,
      "std": 22.624055378950132,
      "median": 25.0,
      "min": 3,
      "max": 178
    },
    "word_char_stats": {
      "mean": 2.812297116669849,
      "std": 1.4128281092595831,
      "median": 3.0,
      "min": 1,
      "max": 30
    }
  },
  "sentence_ending_statistics": {
    "noun_style_count": 21,
    "copula_style_count": 144,
    "verb_style_count": 524,
    "other_style_count": 86,
    "noun_style_ratio": 0.027096774193548386,
    "copula_style_ratio": 0.18580645161290324,
    "verb_style_ratio": 0.6761290322580645,
    "other_style_ratio": 0.11096774193548387
  },
  "lexical_statistics": {
    "total_morpheme_count": 23904,
    "average_ttr": 0.20032136361673056,
    "average_noun_ttr": 0.3399902001783293,
    "average_verb_ttr": 0.3196886573231344
  },
  "pos_frequencies": {
    "nouns_freq": 6162,
    "verbs_freq": 2882,
    "adjectives_freq": 282,
    "modifiers_freq": 1351,
    "particles_freq": 4100,
    "endings_freq": 5221,
    "nng_freq": 4558,
    "nnb_freq": 630,
    "vv_freq": 2286,
    "vx_verb_freq": 596,
    "va_freq": 282,
    "vx_adj_freq": 0,
    "etm_freq": 1308,
    "etn_freq": 107
  },
  "pos_ratios": {
    "nouns_ratio": 0.25778112449799195,
    "verbs_ratio": 0.12056559571619813,
    "adjectives_ratio": 0.01179718875502008,
    "modifiers_ratio": 0.05651773761713521,
    "particles_ratio": 0.1715194109772423,
    "endings_ratio": 0.218415327978581,
    "nng_ratio": 0.1906793842034806,
    "nnb_ratio": 0.02635542168674699,
    "vv_ratio": 0.09563253012048192,
    "vx_verb_ratio": 0.0249330655957162,
    "va_ratio": 0.01179718875502008,
    "vx_adj_ratio": 0.0,
    "etm_ratio": 0.05471887550200803,
    "etn_ratio": 0.0044762382864792505
  },
  "specialized_statistics": {
    "ending_morphemes": {
      "다/EF": 622,
      "ᆫ다/EF": 27,
      "어/EF": 11,
      "지/EF": 11,
      "냐/EF": 10,
      "오/EF": 9,
      "어라/EF": 7,
      "야/EF": 5,
      "음/EF": 4,
      "당게/EF": 4,
      "여/EF": 4,
      "나/EF": 3,
      "어요/EF": 3,
      "게/EF": 3,
      "라고/EF": 3,
      "ᆯ까/EF": 3,
      "더군/EF": 2,
      "던가/EF": 2,
      "네/EF": 2,
      "ᆸ니까/EF": 2,
      "지라/EF": 2,
      "을까/EF": 2,
      "거라/EF": 2,
      "니/EF": 2,
      "로다/EF": 2,
      "ᆫ가/EF": 2,
      "는가/EF": 2,
      "구만/EF": 1,
      "라구/EF": 1,
      "능교/EF": 1,
      "자/EF": 1,
      "던고/EF": 1,
      "노/EF": 1,
      "라오/EF": 1,
      "유/EF": 1,
      "ᆯ세/EF": 1,
      "라니/EF": 1,
      "ᆫ다더라/EF": 1,
      "고/EF": 1,
      "더라/EF": 1,
      "더라고/EF": 1,
      "ᆷ/EF": 1,
      "ᆫ단다/EF": 1,
      "구만요/EF": 1,
      "너라/EF": 1,
      "요/EF": 1,
      "ᆸ시다/EF": 1,
      "죠/EF": 1,
      "ᆯ까요/EF": 1,
      "구려/EF": 1,
      "더냐/EF": 1,
      "다오/EF": 1,
      "는구나/EF": 1,
      "느냐/EF": 1,
      "습니다/EF": 1,
      "읍니까/EF": 1,
      "대/EF": 1
    },
    "punctuations": {
      "./SF": 737,
      ",/SP": 476,
      "“/SSO": 155,
      "”/SSC": 155,
      "(/SSO": 147,
      ")/SSC": 147,
      "……/SE": 41,
      "?/SF": 40,
      "--/SO": 27,
      "!/SF": 22,
      "「/SSO": 16,
      "」/SSC": 16,
      "'/SSO": 12,
      "‘/SSO": 11,
      "’/SSC": 11,
      "'/SSC": 10,
      "</SSO": 10,
      ">/SSC": 10,
      "……………/SE": 5,
      "《/SSO": 3,
      "》/SSC": 3,
      "…/SE": 3,
      "求禮/SH": 2,
      "等身佛/SH": 2,
      "金佛閣/SH": 2,
      "悲願/SH": 2,
      "燒身供養/SH": 2,
      "述伊/SH": 1,
      "驛馬/SH": 1,
      "花開峽/SH": 1,
      "蟾津江/SH": 1,
      "本流/SH": 1,
      "河東/SH": 1,
      "雙磎寺/SH": 1,
      "智異山/SH": 1,
      "洗耳岩/SH": 1,
      "火田民/SH": 1,
      "山峽/SH": 1,
      "隣近/SH": 1,
      "恨/SH": 1,
      "協律/SH": 1,
      "傳例/SH": 1,
      "玉花/SH": 1,
      "麗水/SH": 1,
      "珍島/SH": 1,
      "性騏/SH": 1,
      "菩提樹/SH": 1,
      "驛馬煞/SH": 1,
      "時天驛/SH": 1,
      "佛經/SH": 1,
      "契姸/SH": 1,
      "土音/SH": 1,
      "七佛/SH": 1,
      "有感/SH": 1,
      "七佛庵/SH": 1,
      "肉/SH": 1,
      "岳陽/SH": 1,
      "雨水/SH": 1,
      "驚蟄/SH": 1,
      "淸明/SH": 1,
      "揚子江/SH": 1,
      "淨願寺/SH": 1,
      "等身金佛/SH": 1,
      "古刹/SH": 1,
      "1934/SN": 1,
      "北京/SH": 1,
      "徐州/SH": 1,
      "南京/SH": 1,
      "駐屯/SH": 1,
      "待機/SH": 1,
      "交替部隊/SH": 1,
      "駐屯軍/SH": 1,
      "秘藏/SH": 1,
      "陣/SH": 1,
      "奇修/SH": 1,
      "靜心院/SH": 1,
      "布敎師/SH": 1,
      "棲空庵/SH": 1,
      "獨居/SH": 1,
      "願免殺生/SH": 1,
      "歸依佛恩/SH": 1,
      "法衣/SH": 1,
      "中國僧侶服/SH": 1,
      "本刹/SH": 1,
      "佛緣/SH": 1,
      "鏡岩/SH": 1,
      "澗水/SH": 1,
      "草莽/SH": 1,
      "太虛樓/SH": 1,
      "淸淨室/SH": 1,
      "佛恩/SH": 1,
      "圓慧大師/SH": 1,
      "法師/SH": 1,
      "侍奉/SH": 1,
      "淸雲/SH": 1,
      "法名/SH": 1,
      "慧雲/SH": 1,
      "本尊/SH": 1,
      "位/SH": 1,
      "石臺/SH": 1,
      "彫像/SH": 1,
      "警戒心/SH": 1,
      "鑄造/SH": 1,
      "銀貨/SH": 1,
      "賽錢/SH": 1,
      "等身大/SH": 1,
      "結跏趺坐像/SH": 1,
      "羅漢/SH": 1,
      "五百羅漢/SH": 1,
      "成佛/SH": 1,
      "唐/SH": 1,
      "神異/SH": 1,
      "大覺/SH": 1,
      "觸手/SH": 1,
      "石函/SH": 1,
      "萬寂禪師燒身成佛記/SH": 1,
      "萬寂法名俗名曰耆姓曹氏也金陵出生父未詳母張氏改嫁謝公仇之家仇/SH": 1,
      "有一子名曰信年似與耆名十有餘歲一日母給食干二兒秘置以毒信之食/SH": 1,
      "耆偶窺之而按是母貪謝家之財爲我故謀害前室之子以如此耆不堪悲懷/SH": 1,
      "乃自欲將取信之食母見之驚而失色奪之曰是非汝之食也何取信之食也/SH": 1,
      "信與耆/SH": 1,
      "而不答數日後信去自家行蹟渺然耆曰信巳去家我必携信然後/SH": 1,
      "歸家卽以隱身而爲僧改稱萬寂以此爲法名住於金陵法林院後移淨願寺/SH": 1,
      "無風庵修法干海覺禪師寂二十四歲之春曰我生非大覺之材不如供養吾/SH": 1,
      "身以報佛恩乃燒身而供養佛前時忽降雨沛然不犯寂之燒身寂光漸明忽/SH": 1,
      "懸圓光以如月輪會衆見之而震感佛恩癒身病衆曰是焚之法力所致競擲/SH": 1,
      "私財賽錢多積以賽鍍金寂之燒身拜之爲佛然後奉置干金佛閣時唐中宗/SH": 1,
      "十六年聖曆二年三月朔日/SH": 1,
      "謝仇/SH": 1,
      "道/SH": 1,
      "纖疏/SH": 1,
      "吹賴/SH": 1,
      "雲峰禪師/SH": 1,
      "器/SH": 1,
      "捨身/SH": 1,
      "謝信/SH": 1,
      "火食/SH": 1,
      "就壇式/SH": 1,
      "跏趺坐/SH": 1,
      "帳幕/SH": 1,
      "大供養/SH": 1,
      "申時/SH": 1,
      "末/SH": 1,
      "木魚/SH": 1
    },
    "etm_detail_freq": {
      "ᆫ/ETM": 511,
      "는/ETM": 307,
      "은/ETM": 164,
      "ᆯ/ETM": 133,
      "던/ETM": 76,
      "을/ETM": 59,
      "다는/ETM": 16,
      "ᆫ다는/ETM": 11,
      "란/ETM": 10,
      "라는/ETM": 9,
      "더라는/ETM": 2,
      "려는/ETM": 2,
      "단/ETM": 2,
      "ᆫ다던/ETM": 1,
      "ᆯ려는/ETM": 1,
      "다던/ETM": 1,
      "으려는/ETM": 1,
      "리라는/ETM": 1,
      "으리란/ETM": 1
    },
    "etn_detail_freq": {
      "기/ETN": 72,
      "ᆷ/ETN": 26,
      "음/ETN": 8,
      "라기/ETN": 1
    }
  },
  "top_morphemes_mfw": {
    "었/EP": 774,
    "./SF": 737,
    "다/EF": 622,
    "어/EC": 577,
    "을/JKO": 575,
    "ᆫ/ETM": 511,
    ",/SP": 476,
    "고/EC": 475,
    "이/VCP": 399,
    "에/JKB": 396,
    "는/JX": 393,
    "의/JKG": 376,
    "이/JKS": 357,
    "는/ETM": 307,
    "를/JKO": 306,
    "하/VV": 242,
    "가/JKS": 240,
    "은/JX": 223,
    "하/XSA": 216,
    "도/JX": 210,
    "것/NNB": 190,
    "나/NP": 169,
    "하/XSV": 168,
    "은/ETM": 164,
    "“/SSO": 155,
    "”/SSC": 155,
    "(/SSO": 147,
    ")/SSC": 147,
    "있/VX": 145,
    "게/EC": 145,
    "으로/JKB": 134,
    "ᆯ/ETM": 133,
    "에서/JKB": 131,
    "그/NP": 120,
    "그/MM": 119,
    "지/EC": 111,
    "로/JKB": 109,
    "어서/EC": 109,
    "성기/NNG": 104,
    "들/XSN": 90,
    "며/EC": 85,
    "않/VX": 79,
    "던/ETM": 76,
    "말/NNG": 74,
    "때/NNG": 72,
    "기/ETN": 72,
    "하/VX": 71,