{
  "metadata": {
    "author": "김승옥",
    "total_works": 2,
    "works": [
      {
        "title": "무진기행",
        "year": "1964",
        "file_name": "1964_무진기행_김승옥_tagged.txt"
      },
      {
        "title": "서울, 1964년, 겨울",
        "year": "1965",
        "file_name": "1965_서울, 1964년, 겨울_김승옥_tagged.txt"
      }
    ]
  },
  "sentence_statistics": {
    "total_sentence_count": 1450,
    "sentence_char_stats": {
      "mean": 21.26,
      "std": 21.10412576104329,
      "median": 15.0,
      "min": 0,
      "max": 209
    },
    "sentence_word_stats": {
      "mean": 7.568965517241379,
      "std": 7.479701425364787,
      "median": 5.0,
      "min": 1,
      "max": 72
    },
    "sentence_morpheme_stats": {
      "mean": 18.91153009427121,
      "std": 17.98660380305357,
      "median": 14.0,
      "min": 2,
      "max": 218
    },
    "word_char_stats": {
      "mean": 2.812169312169312,
      "std": 1.1775532652717433,
      "median": 3.0,
      "min": 1,
      "max": 9
    }
  },
  "sentence_ending_statistics": {
    "noun_style_count": 24,
    "copula_style_count": 234,
    "verb_style_count": 819,
    "other_style_count": 302,
    "noun_style_ratio": 0.01740391588107324,
    "copula_style_ratio": 0.1696881798404641,
    "verb_style_ratio": 0.5939086294416244,
    "other_style_ratio": 0.2189992748368383
  },
  "lexical_statistics": {
    "total_morpheme_count": 26079,
    "average_ttr": 0.14068688186535303,
    "average_noun_ttr": 0.27937517192298855,
    "average_verb_ttr": 0.24154004956924663
  },
  "pos_frequencies": {
    "nouns_freq": 6017,
    "verbs_freq": 2924,
    "adjectives_freq": 418,
    "modifiers_freq": 1238,
    "particles_freq": 4266,
    "endings_freq": 6039,
    "nng_freq": 4064,
    "nnb_freq": 646,
    "vv_freq": 2059,
    "vx_verb_freq": 865,
    "va_freq": 418,
    "vx_adj_freq": 0,
    "etm_freq": 1291,
    "etn_freq": 126
  },
  "pos_ratios": {
    "nouns_ratio": 0.23072203688791748,
    "verbs_ratio": 0.11212086353004333,
    "adjectives_ratio": 0.016028221941025347,
    "modifiers_ratio": 0.047471145366003296,
    "particles_ratio": 0.16357989186701943,
    "endings_ratio": 0.2315656275163925,
    "nng_ratio": 0.15583419609647609,
    "nnb_ratio": 0.0247708884543119,
    "vv_ratio": 0.07895241381954829,
    "vx_verb_ratio": 0.033168449710495033,
    "va_ratio": 0.016028221941025347,
    "vx_adj_ratio": 0.0,
    "etm_ratio": 0.04950343188005675,
    "etn_ratio": 0.004831473599447832
  },
  "specialized_statistics": {
    "ending_morphemes": {
      "다/EF": 736,
      "ᆸ니다/EF": 98,
      "습니다/EF": 86,
      "어요/EF": 59,
      "ᆸ니까/EF": 28,
      "죠/EF": 25,
      "세요/EF": 23,
      "지요/EF": 22,
      "군요/EF": 19,
      "지/EF": 16,
      "에요/EF": 15,
      "ᆫ다/EF": 14,
      "어/EF": 14,
      "습니까/EF": 14,
      "을까/EF": 12,
      "ᆯ까/EF": 11,
      "ᆸ시다/EF": 11,
      "야/EF": 10,
      "ᆸ시오/EF": 9,
      "예요/EF": 8,
      "으니까요/EF": 8,
      "는데요/EF": 8,
      "ᆫ가/EF": 7,
      "니까요/EF": 6,
      "더군요/EF": 6,
      "ᆯ까요/EF": 6,
      "을까요/EF": 6,
      "으세요/EF": 5,
      "던가요/EF": 5,
      "거든/EF": 5,
      "요/EF": 5,
      "거든요/EF": 4,
      "ᆫ데요/EF": 4,
      "으리라/EF": 4,
      "리라/EF": 4,
      "자/EF": 4,
      "오/EF": 4,
      "군/EF": 3,
      "어라/EF": 3,
      "냐/EF": 3,
      "어야지/EF": 2,
      "게/EF": 2,
      "라/EF": 2,
      "는군요/EF": 2,
      "ᆫ가요/EF": 2,
      "는데/EF": 2,
      "라고/EF": 2,
      "어서요/EF": 2,
      "ᆯ께요/EF": 2,
      "은데요/EF": 2,
      "나요/EF": 1,
      "을께요/EF": 1,
      "대/EF": 1,
      "다지/EF": 1,
      "읍니다/EF": 1,
      "는군/EF": 1,
      "다더군요/EF": 1,
      "은가/EF": 1,
      "네/EF": 1,
      "더구먼/EF": 1,
      "ᆫ걸요/EF": 1,
      "습디까/EF": 1,
      "습디다/EF": 1,
      "랄까요/EF": 1,
      "라고요/EF": 1,
      "은가요/EF": 1,
      "ᆯ걸요/EF": 1,
      "어서/EF": 1,
      "더라/EF": 1,
      "던데/EF": 1,
      "ᆫ대/EF": 1,
      "ᆫ걸/EF": 1,
      "ᆯ걸/EF": 1,
      "구요/EF": 1,
      "구먼/EF": 1,
      "는가/EF": 1,
      "니까/EF": 1,
      "ᆫ다고/EF": 1,
      "고/EF": 1,
      "쇼/EF": 1,
      "어야죠/EF": 1,
      "라구요/EF": 1
    },
    "punctuations": {
      "./SF": 1262,
      "“/SSO": 463,
      "”/SSC": 462,
      ",/SP": 287,
      "?/SF": 197,
      "……/SE": 71,
      "(/SSO": 61,
      ")/SSC": 61,
      "</SSO": 35,
      ">/SSC": 35,
      "'/SSO": 8,
      "'/SSC": 8,
      "‘/SSO": 6,
      "’/SSC": 6,
      "!/SF": 4,
      "4/SN": 3,
      "思考/SH": 3,
      "---/SO": 3,
      "《/SSO": 2,
      "》/SSC": 2,
      "海風/SH": 2,
      "感/SH": 2,
      "27/SN": 2,
      "1964/SN": 2,
      "安/SH": 2,
      "Mujin/SL": 1,
      "10/SN": 1,
      "km/SL": 1,
      "里程碑/SH": 1,
      "織/SH": 1,
      "光州/SH": 1,
      "半睡眠/SH": 1,
      "水深/SH": 1,
      "恨/SH": 1,
      "女鬼/SH": 1,
      "粒子/SH": 1,
      "低溫/SH": 1,
      "地上/SH": 1,
      "不眠/SH": 1,
      "手淫/SH": 1,
      "新堂洞/SH": 1,
      "臥床/SH": 1,
      "閑寂/SH": 1,
      "靑年/SH": 1,
      "驛構內/SH": 1,
      "6.25/SN": 1,
      "千餘里/SH": 1,
      "無名指/SH": 1,
      "汚辱/SH": 1,
      "糞尿/SH": 1,
      "新聞支局/SH": 1,
      "朴/SH": 1,
      "讀書狂/SH": 1,
      "經理/SH": 1,
      "姬/SH": 1,
      "失意/SH": 1,
      "同期/SH": 1,
      "趙兄/SH": 1,
      "河/SH": 1,
      "霧津/SH": 1,
      "朴君/SH": 1,
      "酌婦/SH": 1,
      "狂女/SH": 1,
      "六/SH": 1,
      "趙君/SH": 1,
      "無爲/SH": 1,
      "交合/SH": 1,
      "未決函/SH": 1,
      "性器/SH": 1,
      "傷/SH": 1,
      "肺/SH": 1,
      "死語/SH": 1,
      "暗靑色/SH": 1,
      "佛敎徒/SH": 1,
      "國語/SH": 1,
      "------/SO": 1,
      "軍用/SH": 1,
      "專攻/SH": 1,
      "兵事係/SH": 1,
      "日收/SH": 1,
      "生/SH": 1,
      "美姬/SH": 1,
      "特別廉價/SH": 1,
      "鐘三/SH": 1,
      "../SF": 1
    },
    "etm_detail_freq": {
      "ᆫ/ETM": 377,
      "는/ETM": 357,
      "ᆯ/ETM": 169,
      "은/ETM": 140,
      "던/ETM": 68,
      "을/ETM": 62,
      "다는/ETM": 40,
      "라는/ETM": 30,
      "ᆫ다는/ETM": 29,
      "단/ETM": 3,
      "자는/ETM": 3,
      "란/ETM": 2,
      "더라는/ETM": 2,
      "느냐는/ETM": 2,
      "으리라는/ETM": 2,
      "잘/ETM": 1,
      "려는/ETM": 1,
      "려던/ETM": 1,
      "ᆫ단/ETM": 1,
      "는다는/ETM": 1
    },
    "etn_detail_freq": {
      "기/ETN": 102,
      "ᆷ/ETN": 17,
      "음/ETN": 7
    }
  },
  "top_morphemes_mfw": {
    "./SF": 1262,
    "었/EP": 1023,
    "다/EF": 736,
    "고/EC": 573,
    "는/JX": 517,
    "나/NP": 504,
    "어/EC": 495,
    "“/SSO": 463,
    "”/SSC": 462,
    "이/VCP": 435,
    "을/JKO": 424,
    "에/JKB": 423,
    "이/JKS": 401,
    "의/JKG": 385,
    "가/JKS": 379,
    "ᆫ/ETM": 377,
    "하/XSV": 371,
    "는/ETM": 357,
    "있/VX": 312,
    "를/JKO": 287,
    ",/SP": 287,
    "것/NNB": 217,
    "하/XSA": 209,
    "하/VV": 198,
    "?/SF": 197,
    "은/JX": 194,
    "그/MM": 185,
    "ᆯ/ETM": 169,
    "에서/JKB": 166,
    "들/XSN": 159,
    "말/NNG": 159,
    "어서/EC": 157,
    "으로/JKB": 149,
    "도/JX": 145,
    "ᆫ/JX": 144,
    "은/ETM": 140,
    "게/EC": 137,
    "우리/NP": 116,
    "여자/NNG": 115,
    "지/EC": 109,
    "로/JKB": 105,
    "기/ETN": 102,
    "ᆸ니다/EF": 98,
    "사람/NNG": 88,
    "습니다/EF": 86,
    "있/VV": 85,
    "않/VX": 82,
    "가/VV": 82,
    "그/NP": 79,
    "없/VA": 79,
    "시/EP": 75,
    "되/VV": 75,
    "에게/JKB": 75,
    "……/SE": 71,
    "하/VX": 71,
    "때/NNG": 68,
    "던/ETM": 68,
    "만/JX": 66,
    "생각/NNG": 65,
    "을/ETM": 62,
    "지/VX": 62,
    "(/SSO": 61,
    ")/SSC": 61,
    "아니/VCN": 60,
    "안/NNG": 60,
    "보/VX": 59,
    "어요/EF": 59,
    "겠/EP": 58,
    "한/MM": 57,
    "수/NNB": 55,
    "그렇/VA-I": 53,
    "며/EC": 53,
    "무진/NNP": 52,
    "그것/NP": 52,
    "버리/VX": 52,
    "같/VA": 51,
    "속/NNG": 50,
    "주/VX": 49,
    "거/NNB": 48,
    "사내/NNG": 45,
    "면/EC": 44,
    "얘기/NNG": 43,
    "소리/NNG": 43,
    "저/NP": 43,
    "알/VV": 42,
    "보/VV": 41,
    "이/MM": 40,
    "다는/ETM": 40,
    "들/VV": 40,
    "좀/MAG": 39,
    "있/VA": 39,
    "과/JC": 38,
    "지만/EC": 38,
    "이/JKC": 37,
    "나오/VV": 37,
    "님/XSN": 37,
    "</SSO": 35,
    ">/SSC": 35,
    "손/NNG": 35,
    "싶/VX": 35,
    "묻/VV-I": 35,
    "오/VV": 34,
    "그러나/MAJ": 33,
    "때문/NNB": 33,
    "면서/EC": 32,
    "돈/NNG": 32,