{
  "metadata": {
    "author": "김원일",
    "total_works": 2,
    "works": [
      {
        "title": "어둠의 혼",
        "year": "1973",
        "file_name": "1973_어둠의 혼_김원일_tagged.txt"
      },
      {
        "title": "연",
        "year": "1979",
        "file_name": "1979_연_김원일_tagged.txt"
      }
    ]
  },
  "sentence_statistics": {
    "total_sentence_count": 1375,
    "sentence_char_stats": {
      "mean": 21.376,
      "std": 14.275538085703237,
      "median": 18.0,
      "min": 0,
      "max": 96
    },
    "sentence_word_stats": {
      "mean": 7.792,
      "std": 5.291537807068599,
      "median": 6.0,
      "min": 1,
      "max": 34
    },
    "sentence_morpheme_stats": {
      "mean": 18.094808126410836,
      "std": 12.011345720468134,
      "median": 15.0,
      "min": 2,
      "max": 101
    },
    "word_char_stats": {
      "mean": 2.7443510737628385,
      "std": 1.069570331803563,
      "median": 3.0,
      "min": 1,
      "max": 8
    }
  },
  "sentence_ending_statistics": {
    "noun_style_count": 45,
    "copula_style_count": 233,
    "verb_style_count": 908,
    "other_style_count": 143,
    "noun_style_ratio": 0.033860045146726865,
    "copula_style_ratio": 0.17531978931527464,
    "verb_style_ratio": 0.6832204665161776,
    "other_style_ratio": 0.10759969902182091
  },
  "lexical_statistics": {
    "total_morpheme_count": 24048,
    "average_ttr": 0.1797677782579468,
    "average_noun_ttr": 0.33755247347834805,
    "average_verb_ttr": 0.27675493965553366
  },
  "pos_frequencies": {
    "nouns_freq": 6063,
    "verbs_freq": 3059,
    "adjectives_freq": 457,
    "modifiers_freq": 1406,
    "particles_freq": 4078,
    "endings_freq": 5357,
    "nng_freq": 4584,
    "nnb_freq": 630,
    "vv_freq": 2531,
    "vx_verb_freq": 528,
    "va_freq": 457,
    "vx_adj_freq": 0,
    "etm_freq": 1200,
    "etn_freq": 95
  },
  "pos_ratios": {
    "nouns_ratio": 0.25212075848303395,
    "verbs_ratio": 0.12720392548236858,
    "adjectives_ratio": 0.019003659347970724,
    "modifiers_ratio": 0.05846640053226879,
    "particles_ratio": 0.16957751164337992,
    "endings_ratio": 0.22276280771789753,
    "nng_ratio": 0.1906187624750499,
    "nnb_ratio": 0.02619760479041916,
    "vv_ratio": 0.1052478376580173,
    "vx_verb_ratio": 0.021956087824351298,
    "va_ratio": 0.019003659347970724,
    "vx_adj_ratio": 0.0,
    "etm_ratio": 0.0499001996007984,
    "etn_ratio": 0.0039504324683965406
  },
  "specialized_statistics": {
    "ending_morphemes": {
      "다/EF": 605,
      "ᆫ다/EF": 243,
      "어/EF": 62,
      "지/EF": 33,
      "는다/EF": 32,
      "야/EF": 28,
      "라/EF": 21,
      "노/EF": 17,
      "러/EF": 17,
      "ᆯ까/EF": 12,
      "어라/EF": 10,
      "어요/EF": 9,
      "을까/EF": 7,
      "ᆯ꼬/EF": 7,
      "니더/EF": 7,
      "으/EF": 7,
      "나/EF": 6,
      "ᆷ/EF": 6,
      "ᆫ가/EF": 5,
      "소/EF": 5,
      "고/EF": 5,
      "ᆫ데/EF": 4,
      "어야지/EF": 4,
      "더라/EF": 4,
      "거라/EF": 4,
      "거덩/EF": 4,
      "던가/EF": 3,
      "네요/EF": 3,
      "자/EF": 3,
      "군/EF": 3,
      "냐/EF": 3,
      "네/EF": 3,
      "꼬/EF": 3,
      "다고/EF": 3,
      "구마/EF": 3,
      "다니/EF": 3,
      "요/EF": 3,
      "으니깐/EF": 2,
      "는구나/EF": 2,
      "거든/EF": 2,
      "니/EF": 2,
      "니깐/EF": 2,
      "리라/EF": 2,
      "는데/EF": 2,
      "게요/EF": 2,
      "에요/EF": 2,
      "데/EF": 2,
      "구나/EF": 2,
      "능교/EF": 2,
      "능가/EF": 2,
      "누만/EF": 2,
      "는지/EF": 2,
      "ᆯ세/EF": 2,
      "읍디다/EF": 2,
      "ᆸ디다/EF": 2,
      "ᆯ려구/EF": 1,
      "으니까/EF": 1,
      "ᆯ까요/EF": 1,
      "ᆯ래/EF": 1,
      "라고/EF": 1,
      "구만/EF": 1,
      "여요/EF": 1,
      "거던/EF": 1,
      "담/EF": 1,
      "까/EF": 1,
      "음/EF": 1,
      "예요/EF": 1,
      "으리라/EF": 1,
      "마/EF": 1,
      "느냐/EF": 1,
      "은지/EF": 1,
      "라니요/EF": 1,
      "어도/EF": 1,
      "더노/EF": 1,
      "로구나/EF": 1,
      "라예/EF": 1,
      "답니다/EF": 1,
      "던지/EF": 1,
      "구먼/EF": 1,
      "어서/EF": 1,
      "는가/EF": 1,
      "ᆫ지/EF": 1,
      "구랴/EF": 1,
      "라니/EF": 1,
      "ᆸ니까/EF": 1,
      "ᆼ교/EF": 1
    },
    "punctuations": {
      "./SF": 1227,
      ",/SP": 291,
      "“/SSO": 155,
      "”/SSC": 155,
      "?/SF": 64,
      "!/SF": 13,
      "……/SE": 8,
      "...../SF": 7,
      "(/SSO": 6,
      ")/SSC": 6,
      "..../SF": 5,
      "....../SF": 3,
      "《/SSO": 2,
      "》/SSC": 2,
      "</SSO": 2,
      ">/SSC": 2,
      ".../SF": 2,
      "魂/SH": 1,
      "進永/SH": 1,
      "---/SO": 1,
      "14/SN": 1,
      "9/SN": 1,
      "6/SN": 1,
      "../SF": 1
    },
    "etm_detail_freq": {
      "ᆫ/ETM": 445,
      "는/ETM": 220,
      "ᆯ/ETM": 200,
      "은/ETM": 155,
      "을/ETM": 80,
      "던/ETM": 44,
      "다는/ETM": 20,
      "ᆫ다는/ETM": 10,
      "란/ETM": 9,
      "능/ETM": 7,
      "는다는/ETM": 3,
      "라는/ETM": 2,
      "려는/ETM": 2,
      "ᆫ단/ETM": 1,
      "자는/ETM": 1,
      "단/ETM": 1
    },
    "etn_detail_freq": {
      "기/ETN": 83,
      "ᆷ/ETN": 7,
      "음/ETN": 3,
      "라기/ETN": 2
    }
  },
  "top_morphemes_mfw": {
    "./SF": 1227,
    "었/EP": 648,
    "다/EF": 605,
    "어/EC": 516,
    "을/JKO": 492,
    "는/JX": 484,
    "고/EC": 473,
    "ᆫ/ETM": 445,
    "이/VCP": 415,
    "이/JKS": 412,
    "가/JKS": 399,
    "에/JKB": 362,
    "를/JKO": 319,
    "나/NP": 307,
    ",/SP": 291,
    "의/JKG": 270,
    "도/JX": 264,
    "ᆫ다/EF": 243,
    "아버지/NNG": 238,
    "하/VV": 225,
    "는/ETM": 220,
    "ᆯ/ETM": 200,
    "하/XSV": 190,
    "은/JX": 160,
    "은/ETM": 155,
    "“/SSO": 155,
    "”/SSC": 155,
    "하/XSA": 149,
    "게/EC": 143,
    "있/VX": 132,
    "지/EC": 123,
    "것/NNB": 111,
    "말/NNG": 108,
    "로/JKB": 106,
    "으로/JKB": 102,
    "없/VA": 100,
    "들/XSN": 95,
    "에서/JKB": 94,
    "그/MM": 94,
    "집/NNG": 91,
    "기/ETN": 83,
    "만/JX": 81,
    "을/ETM": 80,
    "되/VV": 78,
    "때/NNG": 78,
    "며/EC": 77,
    "가/VV": 69,
    "한/MM": 67,
    "어머니/NNG": 66,
    "어서/EC": 65,
    "사람/NNG": 64,
    "?/SF": 64,
    "어/EF": 62,
    "않/VX": 62,
    "있/VV": 61,
    "보/VV": 60,
    "엄마/NNG": 59,
    "죽/VV": 55,
    "수/NNB": 52,
    "오/VV": 52,
    "ᆫ/JX": 50,
    "까지/JX": 49,
    "이/MM": 47,
    "하/VX": 45,
    "모르/VV": 45,
    "던/ETM": 44,
    "지/VX": 43,
    "그러나/MAJ": 42,
    "생각/NNG": 41,
    "소리/NNG": 41,
    "선/NNG": 41,
    "연/NNG": 40,
    "우리/NP": 39,
    "크/VA": 39,
    "자/EC": 39,
    "아니/VCN": 38,
    "같/VA": 38,
    "보/VX": 38,
    "안/MAG": 38,
    "이모/NNG": 38,
    "눈/NNG": 38,
    "와/JC": 38,
    "누나/NNG": 38,
    "말/VX": 37,
    "이모부/NNG": 36,
    "살/VV": 36,
    "면/EC": 35,
    "그렇/VA-I": 35,
    "분/NNG": 35,
    "거/NNB": 34,
    "다/EC": 34,
    "울/VV": 34,
    "못/MAG": 34,
    "처럼/JKB": 33,
    "지/EF": 33,
    "이/JKC": 32,
    "는다/EF": 32,
    "알/VV": 31,
    "아부지/NNG": 31,
    "더/MAG": 30,
    "주/VX": 30,
    "시작/NNG": 30,
    "겠/EP": 29,
    "속/NNG": 29,
    "들/VV": 29,
    "야/EF": 28,
    "그러/VV": 28,
    "순사/NNG": 28,
    "적/NNB": 28,
    "길/NNG": 28,
    "니/NP": 28,
    "세상/NNG": 27,
    "어도/EC": 27,
    "지만/EC": 26,
    "에게/JKB": 26,
    "쪽/NNB": 26,
    "몬/MAG": 26,
    "찾/VV": 26,
    "보이/VV": 25,
    "모양/NNG": 25,
    "분/NNB": 25,
    "순희/NNP": 25,
    "두/MM": 24,
    "니/EC": 24,
    "싶/VX": 24,
    "그런/MM": 24,
    "어야/EC": 24,
    "얼굴/NNG": 24,
    "지서/NNG": 23,
    "라고/EC": 23,
    "나/VV": 23,
    "배/NNG": 23,
    "또/MAG": 23,
    "다/MAG": 23,
    "많/VA": 23,
    "앞/NNG": 23,
    "어둠/NNG": 22,
    "오/VX": 22,
    "는지/EC": 22,
    "돌아오/VV": 22,
    "있/VA": 22,
    "무슨/MM": 21,
    "일/NNG": 21,
    "너/NP": 21,
    "나/EC": 21,
    "라/EF": 21,
    "라/EC": 21,
    "댕기/VV": 21,
    "다는/ETM": 20,
    "서/VV": 20,
    "듯/NNB": 20,
    "손/NNG": 20,
    "묻/VV-I": 20,
    "목소리/NNG": 20,
    "과/JC": 20,
    "이제/MAG": 19,
    "먹/VV": 19,
    "는데/EC": 19,
    "ᆯ/JKO": 19,
    "다가/EC": 19,
    "하나/NR": 19,
    "들리/VV": 19,
    "예/JX": 19,
    "그래서/MAJ": 18,
    "밤/NNG": 18,
    "와/JKB": 18,
    "나가/VV": 18,
    "그런데/MAJ": 18,
    "부터/JX": 18,
    "채/NNB": 18,
    "듣/VV-I": 18,
    "머리/NNG": 18,
    "잘/MAG": 18,
    "더니/EC": 18,
    "읍내/NNG": 18,