{
  "metadata": {
    "author": "김춘복",
    "total_works": 2,
    "works": [
      {
        "title": "계절풍",
        "year": "1979",
        "file_name": "1979_계절풍_김춘복_tagged.txt"
      },
      {
        "title": "고교교육헌장-벽·2",
        "year": "1990",
        "file_name": "1990_고교교육헌장-벽·2_김춘복_tagged.txt"
      }
    ]
  },
  "sentence_statistics": {
    "total_sentence_count": 1180,
    "sentence_char_stats": {
      "mean": 26.828813559322032,
      "std": 24.430382243396444,
      "median": 20.0,
      "min": 0,
      "max": 161
    },
    "sentence_word_stats": {
      "mean": 9.022881355932203,
      "std": 7.8457795090461,
      "median": 7.0,
      "min": 1,
      "max": 54
    },
    "sentence_morpheme_stats": {
      "mean": 23.724074074074075,
      "std": 20.432720991234234,
      "median": 18.0,
      "min": 2,
      "max": 211
    },
    "word_char_stats": {
      "mean": 2.9868855552410607,
      "std": 1.2606065559007429,
      "median": 3.0,
      "min": 1,
      "max": 15
    }
  },
  "sentence_ending_statistics": {
    "noun_style_count": 54,
    "copula_style_count": 229,
    "verb_style_count": 590,
    "other_style_count": 207,
    "noun_style_ratio": 0.05,
    "copula_style_ratio": 0.21203703703703702,
    "verb_style_ratio": 0.5462962962962963,
    "other_style_ratio": 0.19166666666666668
  },
  "lexical_statistics": {
    "total_morpheme_count": 25622,
    "average_ttr": 0.20535407324385302,
    "average_noun_ttr": 0.4154732454033584,
    "average_verb_ttr": 0.3136104814167916
  },
  "pos_frequencies": {
    "nouns_freq": 6405,
    "verbs_freq": 2754,
    "adjectives_freq": 300,
    "modifiers_freq": 1544,
    "particles_freq": 4024,
    "endings_freq": 5149,
    "nng_freq": 4728,
    "nnb_freq": 719,
    "vv_freq": 2108,
    "vx_verb_freq": 646,
    "va_freq": 300,
    "vx_adj_freq": 0,
    "etm_freq": 1199,
    "etn_freq": 101
  },
  "pos_ratios": {
    "nouns_ratio": 0.24998048552025603,
    "verbs_ratio": 0.1074857544297869,
    "adjectives_ratio": 0.011708687846382015,
    "modifiers_ratio": 0.06026071344937944,
    "particles_ratio": 0.15705253297947078,
    "endings_ratio": 0.20096011240340333,
    "nng_ratio": 0.18452892045898056,
    "nnb_ratio": 0.028061821871828898,
    "vv_ratio": 0.08227304660057763,
    "vx_verb_ratio": 0.02521270782920927,
    "va_ratio": 0.011708687846382015,
    "vx_adj_ratio": 0.0,
    "etm_ratio": 0.046795722426040125,
    "etn_ratio": 0.003941924908281946
  },
  "specialized_statistics": {
    "ending_morphemes": {
      "다/EF": 379,
      "ᆫ다/EF": 71,
      "어요/EF": 68,
      "어/EF": 50,
      "ᆸ니다/EF": 34,
      "습니다/EF": 31,
      "야/EF": 25,
      "세요/EF": 24,
      "습니까/EF": 24,
      "예요/EF": 22,
      "죠/EF": 17,
      "지/EF": 14,
      "ᆸ니까/EF": 14,
      "ᆫ가/EF": 11,
      "요/EF": 11,
      "오/EF": 9,
      "냐/EF": 9,
      "노/EF": 8,
      "는다/EF": 8,
      "어라/EF": 6,
      "자/EF": 6,
      "ᆸ시다/EF": 6,
      "ᆷ/EF": 5,
      "라/EF": 5,
      "구/EF": 4,
      "네/EF": 4,
      "잖아요/EF": 4,
      "ᆸ시오/EF": 4,
      "니더/EF": 3,
      "고/EF": 3,
      "느냐/EF": 3,
      "더노/EF": 3,
      "에요/EF": 3,
      "다니/EF": 2,
      "ᆯ랍니더/EF": 2,
      "래/EF": 2,
      "게/EF": 2,
      "는데예/EF": 2,
      "던가/EF": 2,
      "나/EF": 2,
      "군/EF": 2,
      "애요/EF": 2,
      "ᆯ까요/EF": 2,
      "음/EF": 2,
      "잖아/EF": 2,
      "ᆫ데/EF": 2,
      "더라구요/EF": 2,
      "어야죠/EF": 2,
      "ᆯ까/EF": 2,
      "엇/EF": 2,
      "ᆫ다구/EF": 2,
      "다구/EF": 2,
      "는구나/EF": 1,
      "니까/EF": 1,
      "더구나/EF": 1,
      "로구나/EF": 1,
      "데요/EF": 1,
      "뇨/EF": 1,
      "래요/EF": 1,
      "ᆫ다는군요/EF": 1,
      "을까요/EF": 1,
      "로구먼/EF": 1,
      "는데/EF": 1,
      "람/EF": 1,
      "니깐/EF": 1,
      "네요/EF": 1,
      "은가/EF": 1,
      "ᆯ께요/EF": 1,
      "대/EF": 1,
      "구나/EF": 1,
      "지요/EF": 1,
      "는가/EF": 1,
      "다면서요/EF": 1,
      "는데요/EF": 1,
      "대요/EF": 1,
      "라뇨/EF": 1,
      "던데/EF": 1,
      "다면서/EF": 1,
      "라구요/EF": 1,
      "군요/EF": 1,
      "애/EF": 1,
      "는지요/EF": 1
    },
    "punctuations": {
      ",/SP": 791,
      "./SF": 698,
      "“/SSO": 338,
      "”/SSC": 338,
      "?/SF": 272,
      "!/SF": 138,
      "……/SE": 117,
      "'/SSO": 45,
      "'/SSC": 41,
      "1/SN": 28,
      "3/SN": 25,
      "-/SO": 23,
      "</SSO": 22,
      ">/SSC": 22,
      "(/SSO": 21,
      ")/SSC": 21,
      "2/SN": 15,
      "·/SP": 15,
      "…/SE": 14,
      "l/SL": 14,
      "’/SSC": 13,
      "//SP": 11,
      "‘/SSO": 11,
      "10/SN": 8,
      "6/SN": 7,
      "head/SL": 6,
      "5/SN": 6,
      "Y/SL": 6,
      "100/SN": 5,
      "S/SL": 5,
      "30/SN": 4,
      "{/SSO": 4,
      "}/SSC": 4,
      "160/SN": 4,
      "190/SN": 4,
      "36/SN": 3,
      "7/SN": 3,
      "4/SN": 3,
      "m/SL": 3,
      "16/SN": 3,
      "%/SW": 3,
      "《/SSO": 2,
      "》/SSC": 2,
      "3.1/SN": 2,
      "C/SL": 2,
      "A/SL": 2,
      "lg/SL": 2,
      "50/SN": 2,
      "8/SN": 2,
      "T.V/SL": 2,
      "70/SN": 2,
      "18/SN": 1,
      "20/SN": 1,
      "紙芝店/SH": 1,
      "=/SW": 1,
      "死地/SH": 1,
      "波市/SH": 1,
      "警防團/SH": 1,
      "ㅏㅑㅗㅕㅗㅛㅜㅠㅢ/SW": 1,
      "金山守吉/SH": 1,
      "11/SN": 1,
      "×/SL": 1,
      "12/SN": 1,
      "45/SN": 1,
      "[/SSO": 1,
      "]/SSC": 1,
      "196/SN": 1,
      "1,535/SN": 1,
      "1,638/SN": 1,
      "103/SN": 1,
      "600/SN": 1,
      "400/SN": 1,
      "82/SN": 1,
      "53/SN": 1,
      "60/SN": 1,
      "72/SN": 1,
      "320/SN": 1,
      "180/SN": 1,
      "170/SN": 1,
      "83/SN": 1,
      "75/SN": 1,
      "大/SH": 1,
      "19/SN": 1
    },
    "etm_detail_freq": {
      "ᆫ/ETM": 391,
      "는/ETM": 278,
      "ᆯ/ETM": 180,
      "던/ETM": 112,
      "은/ETM": 95,
      "을/ETM": 45,
      "다는/ETM": 22,
      "라는/ETM": 20,
      "란/ETM": 20,
      "ᆫ다는/ETM": 14,
      "려는/ETM": 5,
      "자는/ETM": 4,
      "려던/ETM": 2,
      "는단/ETM": 2,
      "단/ETM": 2,
      "느냐는/ETM": 2,
      "ᆫ단/ETM": 2,
      "랄/ETM": 1,
      "는다는/ETM": 1,
      "냔/ETM": 1
    },
    "etn_detail_freq": {
      "기/ETN": 82,
      "ᆷ/ETN": 15,
      "음/ETN": 3,
      "라기/ETN": 1
    }
  },
  "top_morphemes_mfw": {
    ",/SP": 791,
    "./SF": 698,
    "을/JKO": 565,
    "었/EP": 558,
    "어/EC": 543,
    "이/VCP": 492,
    "에/JKB": 414,
    "ᆫ/ETM": 391,
    "다/EF": 379,
    "고/EC": 368,
    "이/JKS": 367,
    "“/SSO": 338,
    "”/SSC": 338,
    "를/JKO": 302,
    "하/XSV": 299,
    "는/JX": 296,
    "의/JKG": 292,
    "는/ETM": 278,
    "?/SF": 272,
    "하/VV": 254,
    "가/JKS": 245,
    "들/XSN": 238,
    "은/JX": 235,
    "도/JX": 196,
    "하/XSA": 187,
    "ᆯ/ETM": 180,
    "으로/JKB": 155,
    "것/NNB": 155,
    "게/EC": 154,
    "선생/NNG": 147,
    "로/JKB": 141,
    "!/SF": 138,
    "있/VX": 135,
    "나/NP": 131,
    "지/EC": 117,
    "……/SE": 117,
    "말/NNG": 115,
    "님/XSN": 114,
    "던/ETM": 112,
    "에서/JKB": 101,
    "되/VV": 100,
    "은/ETM": 95,
    "그/NP": 89,
    "어서/EC": 89,
    "기/ETN": 82,
    "없/VA": 82,
    "한/MM": 79,
    "않/VX": 76,
    "만/JX": 76,
    "ᆫ/JX": 76,
    "하/VX": 75,
    "ᆫ다/EF": 71,
    "시/EP": 70,
    "어요/EF": 68,
    "거/NNB": 67,
    "면/EC": 66,
    "며/EC": 65,
    "저/NP": 63,
    "김/NNP": 61,
    "이/MM": 60,
    "겠/EP": 59,
    "그/MM": 57,
    "보/VX": 56,
    "아니/VCN": 56,
    "교장/NNG": 56,
    "알/VV": 55,
    "수/NNB": 53,
    "있/VV": 51,
    "어/EF": 50,
    "면서/EC": 50,
    "주/VX": 46,
    "더/MAG": 45,
    "을/ETM": 45,
    "'/SSO": 45,
    "주임/NNG": 44,
    "까지/JX": 42,
    "다/MAG": 42,
    "관섭/NNP": 42,
    "'/SSC": 41,
    "뭐/NP": 40,
    "자/EC": 39,
    "이/JKC": 39,
    "때/NNG": 38,
    "ᆯ/JKO": 37,
    "어도/EC": 37,
    "보/VV": 36,
    "받/VV-R": 36,
    "어야/EC": 36,
    "번/NNB": 36,
    "학생/NNG": 36,
    "주사/NNG": 35,
    "가/VV": 34,
    "ᆸ니다/EF": 34,
    "되/XSV": 33,
    "우리/NP": 33,
    "같/VA": 33,
    "학교/NNG": 33,
    "두/MM": 32,
    "사람/NNG": 32,
    "못/MAG": 32,
    "놈/NNB": 31,
    "그렇/VA-I": 31,
    "말/VX": 31,
    "누구/NP": 31,
    "다/EC": 31,
    "습니다/EF": 31,
    "소리/NNG": 30,
    "에게/JKB": 30,
    "안/MAG": 30,