{
  "metadata": {
    "author": "김성한",
    "total_works": 3,
    "works": [
      {
        "title": "암야행",
        "year": "1954",
        "file_name": "1954_암야행_김성한_tagged.txt"
      },
      {
        "title": "바비도",
        "year": "1956",
        "file_name": "1956_바비도_김성한_tagged.txt"
      },
      {
        "title": "오분간",
        "year": "1956",
        "file_name": "1956_오분간_김성한_tagged.txt"
      }
    ]
  },
  "sentence_statistics": {
    "total_sentence_count": 1092,
    "sentence_char_stats": {
      "mean": 19.11813186813187,
      "std": 14.396267862825253,
      "median": 16.0,
      "min": 0,
      "max": 157
    },
    "sentence_word_stats": {
      "mean": 6.597985347985348,
      "std": 5.0575909987273615,
      "median": 5.0,
      "min": 1,
      "max": 54
    },
    "sentence_morpheme_stats": {
      "mean": 16.714700193423596,
      "std": 10.864331137303687,
      "median": 14.0,
      "min": 2,
      "max": 121
    },
    "word_char_stats": {
      "mean": 2.9190436241610738,
      "std": 1.3307857858950602,
      "median": 3.0,
      "min": 1,
      "max": 23
    }
  },
  "sentence_ending_statistics": {
    "noun_style_count": 24,
    "copula_style_count": 252,
    "verb_style_count": 629,
    "other_style_count": 129,
    "noun_style_ratio": 0.02321083172147002,
    "copula_style_ratio": 0.2437137330754352,
    "verb_style_ratio": 0.6083172147001934,
    "other_style_ratio": 0.12475822050290135
  },
  "lexical_statistics": {
    "total_morpheme_count": 17283,
    "average_ttr": 0.2528432419944084,
    "average_noun_ttr": 0.4690971008482052,
    "average_verb_ttr": 0.4110466552695046
  },
  "pos_frequencies": {
    "nouns_freq": 4223,
    "verbs_freq": 1898,
    "adjectives_freq": 241,
    "modifiers_freq": 992,
    "particles_freq": 2731,
    "endings_freq": 3768,
    "nng_freq": 3085,
    "nnb_freq": 476,
    "vv_freq": 1590,
    "vx_verb_freq": 308,
    "va_freq": 241,
    "vx_adj_freq": 0,
    "etm_freq": 741,
    "etn_freq": 42
  },
  "pos_ratios": {
    "nouns_ratio": 0.24434415321414107,
    "verbs_ratio": 0.10981889718220217,
    "adjectives_ratio": 0.013944338367181624,
    "modifiers_ratio": 0.057397442573627264,
    "particles_ratio": 0.15801654805300006,
    "endings_ratio": 0.21801770525950356,
    "nng_ratio": 0.1784991031649598,
    "nnb_ratio": 0.02754151478331308,
    "vv_ratio": 0.0919979170282937,
    "vx_verb_ratio": 0.017820980153908466,
    "va_ratio": 0.013944338367181624,
    "vx_adj_ratio": 0.0,
    "etm_ratio": 0.04287450095469537,
    "etn_ratio": 0.002430133657351154
  },
  "specialized_statistics": {
    "ending_morphemes": {
      "다/EF": 498,
      "ᆸ니다/EF": 35,
      "지/EF": 32,
      "어/EF": 31,
      "ᆫ다/EF": 30,
      "야/EF": 21,
      "죠/EF": 17,
      "오/EF": 15,
      "습니다/EF": 15,
      "냐/EF": 14,
      "우/EF": 14,
      "어라/EF": 13,
      "지요/EF": 12,
      "어요/EF": 10,
      "ᆫ가/EF": 10,
      "느냐/EF": 8,
      "ᆸ시다/EF": 8,
      "ᆯ까/EF": 7,
      "요/EF": 6,
      "세요/EF": 6,
      "ᆸ니까/EF": 6,
      "구/EF": 6,
      "습니까/EF": 6,
      "어야지/EF": 6,
      "게/EF": 6,
      "더라/EF": 6,
      "ᆫ데/EF": 5,
      "네/EF": 5,
      "을까/EF": 4,
      "는가/EF": 4,
      "라구/EF": 4,
      "군/EF": 4,
      "구나/EF": 4,
      "자/EF": 4,
      "어야죠/EF": 3,
      "에요/EF": 3,
      "ᆫ다면/EF": 3,
      "랍니다/EF": 3,
      "래/EF": 3,
      "라/EF": 3,
      "니까/EF": 3,
      "는다/EF": 2,
      "나요/EF": 2,
      "라니/EF": 2,
      "거든요/EF": 2,
      "읍니다/EF": 2,
      "려무나/EF": 2,
      "구먼요/EF": 2,
      "을까요/EF": 2,
      "세/EF": 2,
      "ᆷ/EF": 2,
      "어서/EF": 2,
      "거라/EF": 2,
      "그라/EF": 2,
      "리라/EF": 2,
      "는데/EF": 2,
      "라니까/EF": 2,
      "네요/EF": 2,
      "ᆸ소서/EF": 2,
      "로구나/EF": 2,
      "더냐/EF": 2,
      "니/EF": 2,
      "는가요/EF": 1,
      "어야지요/EF": 1,
      "다니/EF": 1,
      "거던/EF": 1,
      "라니요/EF": 1,
      "ᆯ까요/EF": 1,
      "리다/EF": 1,
      "거든/EF": 1,
      "ᆫ가요/EF": 1,
      "으니까/EF": 1,
      "은가/EF": 1,
      "ᆫ다니까/EF": 1,
      "노라/EF": 1,
      "읍시다/EF": 1,
      "ᆯ께/EF": 1,
      "고/EF": 1,
      "게나/EF": 1,
      "잖아/EF": 1,
      "나/EF": 1,
      "ᆯ세/EF": 1,
      "라더라/EF": 1,
      "래요/EF": 1,
      "다지/EF": 1,
      "ᆫ다구/EF": 1,
      "느냐구/EF": 1,
      "나이다/EF": 1,
      "로군/EF": 1,
      "소서/EF": 1,
      "유/EF": 1,
      "께/EF": 1,
      "ᆯ래/EF": 1,
      "올시다/EF": 1,
      "답니다/EF": 1,
      "다더냐/EF": 1,
      "는구나/EF": 1,
      "게요/EF": 1,
      "ᆸ니다요/EF": 1,
      "구려/EF": 1
    },
    "punctuations": {
      "./SF": 833,
      "“/SSO": 309,
      "”/SSC": 309,
      ",/SP": 220,
      "?/SF": 167,
      "……/SE": 61,
      "(/SSO": 31,
      ")/SSC": 31,
      "%/SW": 25,
      "!/SF": 24,
      "─/SS": 10,
      "-/SO": 10,
      "'/SSO": 5,
      "'/SSC": 5,
      "‘/SSO": 5,
      "’/SSC": 5,
      "3/SN": 5,
      "2,000/SN": 5,
      "5/SN": 4,
      "《/SSO": 3,
      "》/SSC": 3,
      "1/SN": 3,
      "2/SN": 3,
      "知/SH": 2,
      "吉田茂/SH": 2,
      "韓彬/SH": 1,
      "平凡/SH": 1,
      "棟樑/SH": 1,
      "有爲/SH": 1,
      "裝飾/SH": 1,
      "假定/SH": 1,
      "重力/SH": 1,
      "傀儡/SH": 1,
      "演技/SH": 1,
      "師表/SH": 1,
      "左/SH": 1,
      "右/SH": 1,
      "私人/SH": 1,
      "賊反荷杖/SH": 1,
      "使童/SH": 1,
      "理事長/SH": 1,
      "吳光植/SH": 1,
      "西獨/SH": 1,
      "器材/SH": 1,
      "刑事/SH": 1,
      "6/SN": 1,
      "25/SN": 1,
      "金致遠/SH": 1,
      "../SF": 1,
      "..?/SF": 1,
      "結晶/SH": 1,
      "流刑地/SH": 1,
      "K./SL": 1,
      "90/SN": 1,
      "王器/SH": 1,
      "無主/SH": 1,
      "12/SN": 1,
      "神風/SH": 1,
      "×/SL": 1,
      "□/SW": 1,
      "△/SW": 1,
      "◎/SW": 1,
      "200/SN": 1,
      "20/SN": 1,
      "TV/SL": 1,
      "K/SL": 1,
      "M/SL": 1,
      "T/SL": 1,
      "丁茶山/SH": 1,
      "狡智/SH": 1
    },
    "etm_detail_freq": {
      "ᆫ/ETM": 230,
      "는/ETM": 200,
      "ᆯ/ETM": 115,
      "은/ETM": 67,
      "던/ETM": 37,
      "을/ETM": 28,
      "라는/ETM": 18,
      "란/ETM": 17,
      "다는/ETM": 13,
      "ᆫ다는/ETM": 6,
      "단/ETM": 3,
      "려는/ETM": 2,
      "자는/ETM": 1,
      "려던/ETM": 1,
      "잘/ETM": 1,
      "으란/ETM": 1,
      "잔/ETM": 1
    },
    "etn_detail_freq": {
      "기/ETN": 35,
      "ᆷ/ETN": 4,
      "음/ETN": 2,
      "다기/ETN": 1
    }
  },
  "top_morphemes_mfw": {
    "./SF": 833,
    "었/EP": 515,
    "다/EF": 498,
    "이/VCP": 420,
    "을/JKO": 362,
    "“/SSO": 309,
    "”/SSC": 309,
    "은/JX": 277,
    "에/JKB": 275,
    "어/EC": 268,
    "고/EC": 266,
    "이/JKS": 258,
    "는/JX": 253,
    "의/JKG": 245,
    "ᆫ/ETM": 230,
    ",/SP": 220,
    "는/ETM": 200,
    "를/JKO": 197,
    "하/XSV": 189,
    "하/VV": 171,
    "?/SF": 167,
    "한/MM": 134,
    "것/NNB": 134,
    "가/JKS": 121,
    "ᆯ/ETM": 115,
    "하/XSA": 112,
    "어서/EC": 105,
    "나/NP": 96,
    "도/JX": 92,
    "지/EC": 84,
    "없/VA": 74,
    "에서/JKB": 74,
    "있/VX": 73,
    "으로/JKB": 70,
    "게/EC": 69,
    "빈/NNG": 68,
    "은/ETM": 67,
    "있/VV": 67,
    "거/NNB": 62,
    "……/SE": 61,
    "그/MM": 60,
    "ᆫ/JX": 59,
    "않/VX": 58,
    "되/VV": 53,
    "구/EC": 53,
    "그/NP": 48,
    "아니/VCN": 47,
    "로/JKB": 45,
    "말/NNG": 44,
    "가/VV": 42,
    "그렇/VA-I": 42,
    "이/MM": 41,
    "만/JX": 41,
    "니/EC": 41,
    "시/EP": 41,
    "하/VX": 40,
    "선생/NNG": 40,
    "신/NNG": 40,
    "던/ETM": 37,
    "겠/EP": 35,
    "수/NNB": 35,
    "면/EC": 35,
    "기/ETN": 35,
    "ᆸ니다/EF": 35,
    "프로메테우스/NNP": 34,
    "다가/EC": 32,
    "알/VV": 32,
    "ᆯ/JKO": 32,
    "지/EF": 32,
    "(/SSO": 31,
    ")/SSC": 31,
    "과/JC": 31,
    "어/EF": 31,
    "안/MAG": 30,
    "두/JX": 30,
    "보/VV": 30,
    "면서/EC": 30,
    "ᆫ다/EF": 30,
    "어야/EC": 29,
    "들/XSN": 28,
    "을/ETM": 28,
    "눈/NNG": 28,
    "너/NP": 28,
    "이/JKC": 27,
    "있/VA": 27,
    "교장/NNG": 25,
    "%/SW": 25,
    "자기/NP": 24,
    "오/VV": 24,
    "!/SF": 24,
    "사람/NNG": 23,
    "생각/NNG": 23,
    "두/MM": 23,
    "보/VX": 23,
    "야/EF": 21,
    "또/MAG": 21,
    "속/NNG": 20,
    "때/NNG": 20,
    "식/NNB": 20,
    "크/VA": 19,
    "나/VV": 19,
    "일/NNG": 19,
    "먹/VV": 19,