{
  "metadata": {
    "author": "김한수",
    "total_works": 4,
    "works": [
      {
        "title": "귀향",
        "year": "2000",
        "file_name": "2000_귀향_김한수_tagged.txt"
      },
      {
        "title": "만년설",
        "year": "2000",
        "file_name": "2000_만년설_김한수_tagged.txt"
      },
      {
        "title": "양철지붕 위에 사는 새",
        "year": "2001",
        "file_name": "2001_양철지붕 위에 사는 새_김한수_tagged.txt"
      },
      {
        "title": "적설주의보",
        "year": "2001",
        "file_name": "2001_적설주의보_김한수_tagged.txt"
      }
    ]
  },
  "sentence_statistics": {
    "total_sentence_count": 1809,
    "sentence_char_stats": {
      "mean": 44.77114427860697,
      "std": 29.019000787520316,
      "median": 40.0,
      "min": 1,
      "max": 392
    },
    "sentence_word_stats": {
      "mean": 14.804311774461029,
      "std": 9.832728327458952,
      "median": 13.0,
      "min": 1,
      "max": 158
    },
    "sentence_morpheme_stats": {
      "mean": 34.29717514124294,
      "std": 22.563979167291855,
      "median": 30.0,
      "min": 2,
      "max": 345
    },
    "word_char_stats": {
      "mean": 3.024196258541503,
      "std": 1.15081872406163,
      "median": 3.0,
      "min": 1,
      "max": 9
    }
  },
  "sentence_ending_statistics": {
    "noun_style_count": 14,
    "copula_style_count": 229,
    "verb_style_count": 1359,
    "other_style_count": 168,
    "noun_style_ratio": 0.007909604519774011,
    "copula_style_ratio": 0.12937853107344632,
    "verb_style_ratio": 0.7677966101694915,
    "other_style_ratio": 0.09491525423728814
  },
  "lexical_statistics": {
    "total_morpheme_count": 60706,
    "average_ttr": 0.2030698020141148,
    "average_noun_ttr": 0.36887438883249585,
    "average_verb_ttr": 0.3120289276856298
  },
  "pos_frequencies": {
    "nouns_freq": 16426,
    "verbs_freq": 8323,
    "adjectives_freq": 897,
    "modifiers_freq": 2824,
    "particles_freq": 11008,
    "endings_freq": 14234,
    "nng_freq": 12705,
    "nnb_freq": 1815,
    "vv_freq": 6685,
    "vx_verb_freq": 1638,
    "va_freq": 897,
    "vx_adj_freq": 0,
    "etm_freq": 3727,
    "etn_freq": 320
  },
  "pos_ratios": {
    "nouns_ratio": 0.27058280894804465,
    "verbs_ratio": 0.13710341646624716,
    "adjectives_ratio": 0.01477613415477877,
    "modifiers_ratio": 0.04651928969129905,
    "particles_ratio": 0.18133298191282576,
    "endings_ratio": 0.23447435179389187,
    "nng_ratio": 0.20928738510196684,
    "nnb_ratio": 0.02989819787170955,
    "vv_ratio": 0.11012091061839027,
    "vx_verb_ratio": 0.026982505847856882,
    "va_ratio": 0.01477613415477877,
    "vx_adj_ratio": 0.0,
    "etm_ratio": 0.06139426086383554,
    "etn_ratio": 0.0052713076137449345
  },
  "specialized_statistics": {
    "ending_morphemes": {
      "다/EF": 1502,
      "어/EF": 63,
      "ᆫ다/EF": 31,
      "야/EF": 21,
      "냐/EF": 15,
      "는다/EF": 13,
      "네/EF": 11,
      "ᆫ가/EF": 11,
      "을까/EF": 8,
      "어라/EF": 7,
      "어요/EF": 7,
      "지/EF": 6,
      "세요/EF": 6,
      "던가/EF": 5,
      "는걸/EF": 4,
      "ᆸ시다/EF": 4,
      "ᆸ니다/EF": 4,
      "고/EF": 4,
      "에요/EF": 3,
      "우/EF": 3,
      "구/EF": 3,
      "예요/EF": 3,
      "구만/EF": 3,
      "다고/EF": 2,
      "어야지/EF": 2,
      "대/EF": 2,
      "나/EF": 2,
      "다면서요/EF": 2,
      "는걸요/EF": 2,
      "네요/EF": 2,
      "냐구/EF": 2,
      "라구/EF": 2,
      "은가/EF": 2,
      "거든/EF": 2,
      "오/EF": 2,
      "ᆯ라요/EF": 1,
      "잖아/EF": 1,
      "을꼬/EF": 1,
      "습니다요/EF": 1,
      "느냐고/EF": 1,
      "더라고/EF": 1,
      "어서/EF": 1,
      "구나/EF": 1,
      "다니요/EF": 1,
      "ᆫ대요/EF": 1,
      "냐구요/EF": 1,
      "죠/EF": 1,
      "니까/EF": 1,
      "냐고/EF": 1,
      "ᆯ꼬/EF": 1,
      "ᆸ니까/EF": 1,
      "세/EF": 1,
      "습디다/EF": 1,
      "쇼/EF": 1,
      "자/EF": 1,
      "ᆫ다고/EF": 1,
      "ᆫ데/EF": 1,
      "ᆯ까/EF": 1,
      "ᆯ걸/EF": 1,
      "누만/EF": 1,
      "니/EF": 1,
      "대요/EF": 1,
      "ᆯ게요/EF": 1,
      "다니까/EF": 1,
      "대는데/EF": 1,
      "는다니까/EF": 1,
      "ᆯ게/EF": 1
    },
    "punctuations": {
      "./SF": 1740,
      ",/SP": 615,
      "“/SSO": 75,
      "”/SSC": 75,
      "?/SF": 63,
      "!/SF": 19,
      "……/SE": 6,
      "‘/SSO": 6,
      "’/SSC": 6,
      "S/SL": 5,
      "《/SSO": 4,
      "》/SSC": 4,
      "5/SN": 4,
      "LPG/SL": 3,
      "IMF/SL": 3,
      "102/SN": 2,
      "504/SN": 2,
      "1996/SN": 1,
      "119/SN": 1,
      "3/SN": 1,
      "7/SN": 1,
      "18/SN": 1,
      "B/SL": 1,
      "02/SN": 1,
      "(/SSO": 1,
      "不患貧/SH": 1,
      "患不均/SH": 1,
      ")/SSC": 1,
      "506/SN": 1,
      "607/SN": 1,
      "505/SN": 1,
      "'/SSO": 1,
      "'/SSC": 1
    },
    "etm_detail_freq": {
      "ᆫ/ETM": 1324,
      "는/ETM": 880,
      "ᆯ/ETM": 496,
      "은/ETM": 396,
      "던/ETM": 258,
      "을/ETM": 153,
      "다는/ETM": 83,
      "라는/ETM": 48,
      "ᆫ다는/ETM": 32,
      "냐는/ETM": 10,
      "란/ETM": 7,
      "느냐는/ETM": 6,
      "자는/ETM": 4,
      "으리란/ETM": 4,
      "려던/ETM": 4,
      "리라는/ETM": 3,
      "냔/ETM": 3,
      "랄/ETM": 2,
      "는다는/ETM": 2,
      "려는/ETM": 2,
      "단/ETM": 1,
      "노라는/ETM": 1,
      "라던/ETM": 1,
      "리라던/ETM": 1,
      "으려는/ETM": 1,
      "으리라는/ETM": 1,
      "다던/ETM": 1,
      "으라는/ETM": 1,
      "으려던/ETM": 1,
      "으란/ETM": 1
    },
    "etn_detail_freq": {
      "기/ETN": 270,
      "ᆷ/ETN": 32,
      "음/ETN": 16,
      "라기/ETN": 2
    }
  },
  "top_morphemes_mfw": {
    "었/EP": 2015,
    "을/JKO": 1812,
    "./SF": 1740,
    "어/EC": 1598,
    "다/EF": 1502,
    "ᆫ/ETM": 1324,
    "에/JKB": 1123,
    "는/JX": 1061,
    "를/JKO": 1031,
    "이/JKS": 969,
    "고/EC": 944,
    "는/ETM": 880,
    "의/JKG": 831,
    "이/VCP": 817,
    "가/JKS": 649,
    ",/SP": 615,
    "하/VV": 601,
    "하/XSA": 546,
    "하/XSV": 544,
    "씨/NNB": 505,
    "도/JX": 504,
    "ᆯ/ETM": 496,
    "은/JX": 437,
    "들/XSN": 435,
    "으로/JKB": 408,
    "은/ETM": 396,
    "게/EC": 359,
    "로/JKB": 356,
    "김/NNP": 356,
    "지/EC": 350,
    "어서/EC": 347,
    "에서/JKB": 328,
    "며/EC": 306,
    "기/ETN": 270,
    "만/JX": 270,
    "던/ETM": 258,
    "없/VA": 255,
    "않/VX": 249,
    "것/NNB": 198,
    "아내/NNG": 168,
    "면/EC": 167,
    "가/VX": 158,
    "수/NNB": 154,
    "을/ETM": 153,
    "하/VX": 149,
    "있/VX": 148,
    "그/NP": 147,
    "송/NNP": 142,
    "집/NNG": 137,
    "보/VX": 136,
    "그/MM": 134,
    "사람/NNG": 132,
    "처럼/JKB": 131,
    "되/VV": 129,
    "윤수/NNP": 127,
    "때/NNG": 125,
    "한/MM": 122,
    "겠/EP": 120,
    "까지/JX": 117,
    "어도/EC": 115,
    "눈/NNG": 114,
    "지/VX": 111,
    "보/VV": 111,
    "그러나/MAJ": 110,
    "뒤/NNG": 110,
    "주/VX": 108,
    "면서/EC": 108,
    "에게/JKB": 107,
    "소리/NNG": 104,
    "라고/EC": 101,
    "아니/VCN": 97,
    "앞/NNG": 96,
    "놓/VX": 92,
    "ᆫ/JX": 89,
    "석호/NNG": 87,
    "모르/VV": 84,
    "어야/EC": 83,
    "다는/ETM": 83,
    "가/VV": 82,
    "라도/EC": 82,
    "나/NP": 82,
    "있/VA": 80,
    "대/VX": 79,
    "는데/EC": 79,
    "일/NNG": 79,
    "살/VV": 79,
    "다고/EC": 79,
    "있/VV": 77,
    "돈/NNG": 76,
    "다/EC": 75,
    "지만/EC": 75,
    "“/SSO": 75,
    "”/SSC": 75,
    "자/EC": 74,
    "생각/NNG": 74,
    "니/EC": 73,
    "거/NNB": 72,
    "말/NNG": 68,
    "사장/NNG": 68,
    "치/VV": 67,
    "얼굴/NNG": 66,
    "들/VV": 65,
    "박/NNP": 65,
    "죽/VV": 65,
    "못/MAG": 64,
    "말/VX": 64,
    "년/NNB": 63,
    "나오/VV": 63,
    "어/EF": 63,
    "?/SF": 63,
    "오/VV": 62,
    "안/NNG": 61,
    "부터/JX": 60,
    "오/VX": 58,
    "다/MAG": 58,
    "세상/NNG": 58,
    "하나/NR": 58,
    "알/VV": 57,
    "같/VA": 57,
    "내/VV": 56,
    "속/NNG": 56,
    "사/VV": 56,
    "그렇/VA-I": 56,
    "보이/VV": 55,
    "나/VV": 55,
    "마다/JX": 55,
    "과/JKB": 54,
    "위/NNG": 54,
    "먹/VV": 54,
    "딸애/NNG": 54,
    "아빠/NNG": 54,
    "좋/VA": 53,
    "없이/MAG": 52,
    "스럽/XSA-I": 52,
    "과/JC": 51,
    "손/NNG": 51,
    "냐고/EC": 51,
    "위하/VV": 50,
    "으면/EC": 49,
    "두/MM": 49,
    "자기/NP": 49,
    "그러/VV": 49,
    "ᆯ/JKO": 48,
    "버리/VX": 48,
    "는지/EC": 48,
    "자신/NNG": 48,
    "으며/EC": 48,
    "받/VV-R": 48,
    "라는/ETM": 48,
    "되/XSV": 47,