{
  "metadata": {
    "author": "나도향",
    "total_works": 1,
    "works": [
      {
        "title": "물레방아",
        "year": "1925",
        "file_name": "1925_물레방아_나도향_tagged.txt"
      }
    ]
  },
  "sentence_statistics": {
    "total_sentence_count": 399,
    "sentence_char_stats": {
      "mean": 21.358395989974937,
      "std": 22.008186524992947,
      "median": 16.0,
      "min": 1,
      "max": 242
    },
    "sentence_word_stats": {
      "mean": 7.791979949874687,
      "std": 8.13632812933263,
      "median": 6.0,
      "min": 1,
      "max": 93
    },
    "sentence_morpheme_stats": {
      "mean": 23.6843853820598,
      "std": 28.732412885165775,
      "median": 16.0,
      "min": 2,
      "max": 239
    },
    "word_char_stats": {
      "mean": 2.741074300418141,
      "std": 1.1027269354020999,
      "median": 3.0,
      "min": 1,
      "max": 8
    }
  },
  "sentence_ending_statistics": {
    "noun_style_count": 7,
    "copula_style_count": 40,
    "verb_style_count": 206,
    "other_style_count": 48,
    "noun_style_ratio": 0.023255813953488372,
    "copula_style_ratio": 0.132890365448505,
    "verb_style_ratio": 0.6843853820598007,
    "other_style_ratio": 0.15946843853820597
  },
  "lexical_statistics": {
    "total_morpheme_count": 7129,
    "average_ttr": 0.18726329078412118,
    "average_noun_ttr": 0.3099450884685784,
    "average_verb_ttr": 0.31097560975609756
  },
  "pos_frequencies": {
    "nouns_freq": 1639,
    "verbs_freq": 899,
    "adjectives_freq": 85,
    "modifiers_freq": 421,
    "particles_freq": 1216,
    "endings_freq": 1558,
    "nng_freq": 1080,
    "nnb_freq": 189,
    "vv_freq": 760,
    "vx_verb_freq": 139,
    "va_freq": 85,
    "vx_adj_freq": 0,
    "etm_freq": 327,
    "etn_freq": 22
  },
  "pos_ratios": {
    "nouns_ratio": 0.22990601767428812,
    "verbs_ratio": 0.12610464300743443,
    "adjectives_ratio": 0.011923130873895358,
    "modifiers_ratio": 0.059054565857764064,
    "particles_ratio": 0.1705709075606677,
    "endings_ratio": 0.21854397531210548,
    "nng_ratio": 0.15149389816243514,
    "nnb_ratio": 0.026511432178426147,
    "vv_ratio": 0.10660681722541732,
    "vx_verb_ratio": 0.019497825782017114,
    "va_ratio": 0.011923130873895358,
    "vx_adj_ratio": 0.0,
    "etm_ratio": 0.04586898583251508,
    "etn_ratio": 0.003085986814419975
  },
  "specialized_statistics": {
    "ending_morphemes": {
      "다/EF": 169,
      "ᆫ다/EF": 21,
      "냐/EF": 21,
      "어/EF": 21,
      "니/EF": 12,
      "지/EF": 11,
      "자/EF": 11,
      "야/EF": 9,
      "요/EF": 8,
      "어요/EF": 8,
      "지요/EF": 6,
      "구나/EF": 3,
      "에요/EF": 3,
      "세요/EF": 3,
      "어라/EF": 2,
      "ᆫ데/EF": 2,
      "느냐/EF": 2,
      "는구나/EF": 2,
      "렴/EF": 2,
      "나/EF": 2,
      "으니/EF": 2,
      "느니라/EF": 1,
      "니까요/EF": 1,
      "을까요/EF": 1,
      "구/EF": 1,
      "구려/EF": 1,
      "ᆫ가/EF": 1,
      "으냐/EF": 1,
      "게/EF": 1,
      "래/EF": 1,
      "는군/EF": 1,
      "라구/EF": 1,
      "은가/EF": 1,
      "로군/EF": 1,
      "ᆯ라/EF": 1,
      "ᆸ디다/EF": 1,
      "누/EF": 1,
      "네/EF": 1,
      "ᆯ까/EF": 1,
      "대/EF": 1,
      "거든/EF": 1,
      "너라/EF": 1,
      "구료/EF": 1,
      "라오/EF": 1,
      "오/EF": 1
    },
    "punctuations": {
      "./SF": 256,
      "“/SSO": 108,
      "”/SSC": 107,
      ",/SP": 106,
      "!/SF": 86,
      "?/SF": 73,
      "(/SSO": 10,
      ")/SSC": 10,
      "---/SO": 10,
      "……/SE": 5,
      "《/SSO": 1,
      "》/SSC": 1,
      "1/SN": 1,
      "芳源/SH": 1,
      "申治圭/SH": 1,
      "幕室/SH": 1,
      "理智的/SH": 1,
      "娼婦型/SH": 1,
      "‘/SSO": 1,
      "後嗣/SH": 1,
      "2/SN": 1,
      "</SSO": 1,
      ">/SSC": 1,
      "3/SN": 1,
      "?./SF": 1,
      "../SF": 1,
      "殘忍性/SH": 1,
      "超自然/SH": 1,
      "悲鳴/SH": 1,
      "4/SN": 1,
      "傷害罪/SH": 1,
      ".!/SF": 1
    },
    "etm_detail_freq": {
      "ᆫ/ETM": 98,
      "는/ETM": 81,
      "ᆯ/ETM": 63,
      "은/ETM": 36,
      "을/ETM": 17,
      "던/ETM": 11,
      "라는/ETM": 6,
      "다는/ETM": 4,
      "란/ETM": 2,
      "단/ETM": 2,
      "ᆫ다는/ETM": 2,
      "ᆫ단/ETM": 2,
      "는다는/ETM": 1,
      "랴는/ETM": 1,
      "려는/ETM": 1
    },
    "etn_detail_freq": {
      "기/ETN": 15,
      "ᆷ/ETN": 4,
      "음/ETN": 3
    }
  },
  "top_morphemes_mfw": {
    "./SF": 256,
    "었/EP": 190,
    "을/JKO": 178,
    "다/EF": 169,
    "이/JKS": 154,
    "어/EC": 139,
    "고/EC": 136,
    "는/JX": 123,
    "하/VV": 122,
    "에/JKB": 111,
    "의/JKG": 108,
    "“/SSO": 108,
    "”/SSC": 107,
    ",/SP": 106,
    "이/VCP": 105,
    "ᆫ/ETM": 98,
    "가/JKS": 93,
    "를/JKO": 88,
    "!/SF": 86,
    "는/ETM": 81,
    "은/JX": 78,
    "그/NP": 74,
    "?/SF": 73,
    "계집/NNG": 67,
    "하/XSA": 66,
    "것/NNB": 65,
    "ᆯ/ETM": 63,
    "게/EC": 53,
    "나/NP": 53,
    "하/XSV": 44,
    "지/EC": 42,
    "어서/EC": 41,
    "도/JX": 41,
    "방원/NNP": 40,
    "으로/JKB": 38,
    "너/NP": 38,
    "은/ETM": 36,
    "다시/MAG": 29,
    "말/NNG": 29,
    "사람/NNG": 26,
    "가/VV": 26,
    "죽/VV": 25,
    "없/VA": 24,
    "에서/JKB": 22,
    "이/MM": 22,
    "ᆫ다/EF": 21,
    "그/MM": 21,
    "며/EC": 21,
    "자기/NP": 21,
    "생각/NNG": 21,
    "보/VX": 21,
    "한/MM": 21,
    "냐/EF": 21,
    "하/VX": 21,
    "어/EF": 21,
    "로/JKB": 20,
    "않/VX": 20,
    "있/VV": 19,
    "까지/JX": 19,
    "되/VV": 18,
    "마음/NNG": 18,
    "보/VV": 18,
    "뒤/NNG": 18,
    "집/NNG": 17,
    "을/ETM": 17,
    "아니/VCN": 17,
    "규/NNG": 17,
    "때/NNG": 16,
    "서/VV": 16,
    "눈/NNG": 16,
    "손/NNG": 16,
    "그렇/VA-I": 16,
    "일/NNG": 16,
    "면/EC": 15,
    "소리/NNG": 15,
    "년/NNB": 15,
    "기/ETN": 15,
    "치/NNB": 15,
    "나/VV": 15,
    "에게/JKB": 14,
    "더니/EC": 14,
    "이/JKC": 13,
    "가슴/NNG": 13,
    "칼/NNG": 13,
    "나오/VV": 12,
    "같이/JKB": 12,
    "만/JX": 12,
    "알/VV": 12,
    "같/VA": 12,
    "신/NNP": 12,
    "니/EF": 12,
    "그것/NP": 12,
    "겠/EP": 12,
    "지/VX": 12,
    "다가/EC": 11,
    "지/EF": 11,
    "번/NNB": 11,
    "어떻/VA-I": 11,
    "자/EF": 11,
    "주먹/NNG": 11,
    "던/ETM": 11,
    "들/VV": 10,
    "(/SSO": 10,
    ")/SSC": 10,
    "얘/IC": 10,
    "듣/VV-I": 10,
    "무엇/NP": 10,
    "든지/EC": 10,
    "왜/MAG": 10,
    "놈/NNB": 10,
    "그대로/MAG": 10,
    "수/NNB": 10,
    "들어가/VV": 10,
    "돈/NNG": 10,
    "으면/EC": 10,
    "먹/VV": 10,
    "죽이/VV": 10,
    "---/SO": 10,
    "속/NNG": 9,
    "있/VX": 9,
    "두/MM": 9,
    "살/VV": 9,
    "고서/EC": 9,
    "터/NNB": 9,
    "야/EF": 9,
    "못하/VX": 9,
    "오/VV": 9,
    "그러/VV": 9,
    "영감/NNG": 9,
    "후/NNG": 9,
    "면서/EC": 9,
    "팔/NNG": 9,
    "소/EC": 9,
    "이놈/NP": 9,
    "놓/VX": 9,
    "들/XSN": 8,
    "아내/NNG": 8,
    "으나/EC": 8,
    "없이/MAG": 8,
    "입/NNG": 8,
    "줄/NNB": 8,
    "무슨/MM": 8,
    "어서/MAG": 8,
    "요/EF": 8,
    "그러나/MAJ": 8,
    "싫/VA": 8,
    "치/VV": 8,
    "어요/EF": 8,
    "감옥/NNG": 8,
    "방앗간/NNG": 7,
    "스럽/XSA-I": 7,
    "하나/NR": 7,
    "라고/EC": 7,
    "마치/MAG": 7,
    "니/EC": 7,
    "과/JC": 7,
    "는지/EC": 7,
    "더/MAG": 7,
    "잡/VV-R": 7,
    "모르/VV": 7,
    "너무/MAG": 7,
    "몸/NNG": 7,
    "니까/EC": 7,
    "또/MAG": 7,
    "자/EC": 7,
    "어디/NP": 7,
    "아/JKV": 7,
    "나/JX": 6,
    "앞/NNG": 6,
    "라는/ETM": 6,
    "가/VX": 6,
    "달/NNG": 6,
    "여자/NNG": 6,
    "다/MAG": 6,
    "조금/NNG": 6,
    "하고/JKB": 6,
    "못/MAG": 6,
    "말/VX": 6,
    "얼굴/NNG": 6,
    "무섭/VA-I": 6,
    "고개/NNG": 6,
    "이렇/VA-I": 6,
    "듯/NNB": 6,
    "저/NP": 6,
    "지요/EF": 6,
    "이나/JX": 6,
    "나가/VV": 6,
    "남/NNG": 6,
    "무어/NP": 6,
    "돌아서/VV": 6,
    "이것/NP": 6,
    "보이/VV": 6,
    "부터/JX": 6,
    "그리고/MAJ": 6,
    "살리/VV": 6,
    "누구/NP": 6,
    "찌르/VV": 6,
    "온/MM": 6,
    "정말/NNG": 6,
    "자/IC": 6,
    "물레방아/NNG": 5,
    "앉/VV": 5,
    "들리/VV": 5,
    "은/NNG": 5,
    "리/NNB": 5,
    "이/XSN": 5,
    "사/VV": 5,
    "땅/NNG": 5,
    "와/JC": 5,
    "밤/NNG": 5,
    "지마는/EC": 5,
    "주/VX": 5,
    "……/SE": 5,
    "그래도/MAJ": 5,
    "생기/VV": 5,
    "아무/MM": 5,
    "으며/EC": 5,
    "모두/MAG": 5,
    "모양/NNG": 5,
    "빼/VV": 5,
    "짓/NNG": 5,
    "차/VV": 5,
    "거짓말/NNG": 5,
    "피/NNG": 5,
    "나중/NNG": 5,
    "임자/NNG": 5,