{
  "metadata": {
    "author": "박경리",
    "total_works": 1,
    "works": [
      {
        "title": "불신 시대",
        "year": "1957",
        "file_name": "1957_불신 시대_박경리_tagged.txt"
      }
    ]
  },
  "sentence_statistics": {
    "total_sentence_count": 670,
    "sentence_char_stats": {
      "mean": 22.507462686567163,
      "std": 14.498453993060991,
      "median": 19.0,
      "min": 0,
      "max": 147
    },
    "sentence_word_stats": {
      "mean": 7.8462686567164175,
      "std": 5.101238607515693,
      "median": 7.0,
      "min": 1,
      "max": 51
    },
    "sentence_morpheme_stats": {
      "mean": 20.366554054054053,
      "std": 13.568735038974303,
      "median": 17.0,
      "min": 3,
      "max": 109
    },
    "word_char_stats": {
      "mean": 2.8745711017918416,
      "std": 1.1099889391777886,
      "median": 3.0,
      "min": 1,
      "max": 12
    }
  },
  "sentence_ending_statistics": {
    "noun_style_count": 3,
    "copula_style_count": 147,
    "verb_style_count": 373,
    "other_style_count": 69,
    "noun_style_ratio": 0.005067567567567568,
    "copula_style_ratio": 0.2483108108108108,
    "verb_style_ratio": 0.6300675675675675,
    "other_style_ratio": 0.11655405405405406
  },
  "lexical_statistics": {
    "total_morpheme_count": 12057,
    "average_ttr": 0.18254955627436345,
    "average_noun_ttr": 0.3459844120637072,
    "average_verb_ttr": 0.2732342007434944
  },
  "pos_frequencies": {
    "nouns_freq": 2951,
    "verbs_freq": 1444,
    "adjectives_freq": 170,
    "modifiers_freq": 570,
    "particles_freq": 2061,
    "endings_freq": 2740,
    "nng_freq": 2357,
    "nnb_freq": 325,
    "vv_freq": 1156,
    "vx_verb_freq": 288,
    "va_freq": 170,
    "vx_adj_freq": 0,
    "etm_freq": 741,
    "etn_freq": 35
  },
  "pos_ratios": {
    "nouns_ratio": 0.24475408476403748,
    "verbs_ratio": 0.11976445218545244,
    "adjectives_ratio": 0.014099693124326117,
    "modifiers_ratio": 0.04727544165215228,
    "particles_ratio": 0.17093804428962428,
    "endings_ratio": 0.22725387741560918,
    "nng_ratio": 0.19548809820021565,
    "nnb_ratio": 0.026955295678858755,
    "vv_ratio": 0.0958779132454176,
    "vx_verb_ratio": 0.023886538940034834,
    "va_ratio": 0.014099693124326117,
    "vx_adj_ratio": 0.0,
    "etm_ratio": 0.06145807414779796,
    "etn_ratio": 0.002902877996184789
  },
  "specialized_statistics": {
    "ending_morphemes": {
      "다/EF": 366,
      "ᆫ다/EF": 111,
      "어요/EF": 14,
      "어/EF": 14,
      "는다/EF": 9,
      "야/EF": 8,
      "지/EF": 8,
      "세요/EF": 6,
      "ᆫ가/EF": 5,
      "지요/EF": 5,
      "오/EF": 5,
      "어야지요/EF": 4,
      "어야지/EF": 3,
      "에요/EF": 3,
      "어라/EF": 3,
      "던가/EF": 3,
      "구려/EF": 3,
      "ᆯ까/EF": 3,
      "ᆸ시다/EF": 2,
      "요/EF": 2,
      "예요/EF": 2,
      "나이다/EF": 2,
      "자/EF": 2,
      "나/EF": 2,
      "ᆯ려구/EF": 2,
      "군요/EF": 2,
      "는가/EF": 1,
      "려고/EF": 1,
      "더라/EF": 1,
      "ᆸ디까/EF": 1,
      "더군/EF": 1,
      "ᆯ려구요/EF": 1,
      "네/EF": 1,
      "더라고/EF": 1,
      "ᆸ니다/EF": 1,
      "ᆷ/EF": 1,
      "나요/EF": 1,
      "ᆯ랍니다/EF": 1,
      "던고/EF": 1,
      "는다고/EF": 1,
      "구나/EF": 1,
      "을까/EF": 1,
      "ᆯ래요/EF": 1,
      "은가/EF": 1,
      "잖아/EF": 1,
      "습니까/EF": 1,
      "ᆫ다고요/EF": 1,
      "우/EF": 1
    },
    "punctuations": {
      "./SF": 556,
      ",/SP": 141,
      "“/SSO": 88,
      "”/SSC": 88,
      "(/SSO": 61,
      ")/SSC": 61,
      "……/SE": 47,
      "?/SF": 30,
      "!/SF": 11,
      "--/SO": 7,
      "</SSO": 6,
      ">/SSC": 6,
      "Y/SL": 3,
      "S/SL": 3,
      "H/SL": 3,
      "幻覺/SH": 2,
      "《/SSO": 1,
      "》/SSC": 1,
      "9/SN": 1,
      "28/SN": 1,
      "塵纓/SH": 1,
      "京仁/SH": 1,
      "道路/SH": 1,
      "臨終/SH": 1,
      "行人/SH": 1,
      "1/SN": 1,
      "4/SN": 1,
      "安養/SH": 1,
      "文秀/SH": 1,
      "文學/SH": 1,
      "展望/SH": 1,
      "腦手術/SH": 1,
      "屠獸場/SH": 1,
      "肺結核/SH": 1,
      "發熱/SH": 1,
      "潮水/SH": 1,
      "幽冥/SH": 1,
      "葛月洞/SH": 1,
      "天主敎/SH": 1,
      "年長者/SH": 1,
      "相培/SH": 1,
      "地平線/SH": 1,
      "軟化/SH": 1,
      "視覺/SH": 1,
      "自然發想/SH": 1,
      "異邦人/SH": 1,
      "神殿/SH": 1,
      "冥府/SH": 1,
      "視界/SH": 1,
      "漂白/SH": 1,
      "聖歌隊/SH": 1,
      "浪漫/SH": 1,
      "同列/SH": 1,
      "神秘/SH": 1,
      "〔/SSO": 1,
      "〕/SSC": 1,
      "盲目/SH": 1,
      "捐金/SH": 1,
      "搖動/SH": 1,
      "變節/SH": 1,
      "表現的/SH": 1,
      "行事/SH": 1,
      "冷茶/SH": 1,
      "施食/SH": 1,
      "B/SL": 1,
      "壁畵/SH": 1,
      "長衫/SH": 1,
      "佛前/SH": 1,
      "靈前/SH": 1,
      "施食石/SH": 1,
      "貨幣/SH": 1,
      "計算/SH": 1,
      ";/SP": 1,
      "解體/SH": 1,
      "蔓延/SH": 1,
      "位牌/SH": 1,
      "少女/SH": 1,
      "市街/SH": 1,
      "過渡期/SH": 1,
      "都市/SH": 1,
      "街路樹/SH": 1,
      "山莊/SH": 1,
      "手數料/SH": 1,
      "殺人者/SH": 1,
      "迷路/SH": 1,
      "惡魔/SH": 1,
      "惡/SH": 1
    },
    "etm_detail_freq": {
      "ᆫ/ETM": 286,
      "는/ETM": 178,
      "은/ETM": 89,
      "ᆯ/ETM": 71,
      "던/ETM": 47,
      "을/ETM": 29,
      "다는/ETM": 14,
      "라는/ETM": 6,
      "ᆫ다는/ETM": 5,
      "란/ETM": 4,
      "더라는/ETM": 3,
      "단/ETM": 3,
      "다던/ETM": 2,
      "능/ETM": 1,
      "는다는/ETM": 1,
      "리라는/ETM": 1,
      "ᆫ단/ETM": 1
    },
    "etn_detail_freq": {
      "기/ETN": 30,
      "ᆷ/ETN": 5
    }
  },
  "top_morphemes_mfw": {
    "./SF": 556,
    "었/EP": 393,
    "다/EF": 366,
    "을/JKO": 313,
    "ᆫ/ETM": 286,
    "이/VCP": 269,
    "이/JKS": 243,
    "은/JX": 234,
    "에/JKB": 226,
    "어/EC": 196,
    "고/EC": 196,
    "진영/NNG": 180,
    "의/JKG": 178,
    "는/ETM": 178,
    "것/NNB": 151,
    ",/SP": 141,
    "를/JKO": 135,
    "는/JX": 135,
    "가/JKS": 111,
    "ᆫ다/EF": 111,
    "하/XSV": 106,
    "하/XSA": 105,
    "하/VV": 99,
    "은/ETM": 89,
    "도/JX": 88,
    "“/SSO": 88,
    "”/SSC": 88,
    "있/VX": 73,
    "게/EC": 73,
    "ᆯ/ETM": 71,
    "으로/JKB": 62,
    "(/SSO": 61,
    ")/SSC": 61,
    "어서/EC": 57,
    "어머니/NNG": 52,
    "지/EC": 52,
    "에서/JKB": 51,
    "가/VV": 49,
    "아주머니/NNG": 49,
    "던/ETM": 47,
    "없/VA": 47,
    "……/SE": 47,
    "말/NNG": 41,
    "그/MM": 40,
    "않/VX": 39,
    "생각/NNG": 39,
    "있/VV": 37,
    "돈/NNG": 36,
    "중/NNG": 35,
    "며/EC": 34,
    "로/JKB": 32,
    "눈/NNG": 32,
    "?/SF": 30,
    "기/ETN": 30,
    "같/VA": 30,
    "문수/NNP": 30,
    "나/NP": 30,
    "만/JX": 30,
    "오/VV": 30,
    "보/VV": 29,
    "을/ETM": 29,
    "수/NNB": 28,
    "아이/NNG": 28,
    "되/VV": 28,
    "속/NNG": 28,
    "들/XSN": 27,
    "절/NNG": 27,
    "그것/NP": 26,
    "그러나/MAJ": 26,
    "처럼/JKB": 24,
    "지/VX": 24,
    "죽/VV": 22,
    "사람/NNG": 22,
    "에게/JKB": 22,
    "그런/MM": 22,
    "라고/EC": 21,
    "아니/VCN": 21,
    "진영/NNP": 20,
    "들/VV": 20,
    "일/NNG": 20,
    "시/EP": 20,
    "얼굴/NNG": 20,
    "버리/VX": 19,
    "겠/EP": 19,
    "받/VV-R": 19,
    "한/MM": 18,
    "하/VX": 18,
    "그/NP": 17,
    "이/JKC": 17,
    "주/VX": 17,
    "중/NNB": 17,
    "나오/VV": 16,
    "면서/EC": 16,
    "ᆫ/JX": 16,
    "그렇/VA-I": 16,
    "느끼/VV": 16,
    "면/EC": 16,
    "님/XSN": 16,
    "싶/VX": 16,
    "되/XSV": 16,
    "말/VX": 15,
    "적/XSN": 15,
    "쳐다보/VV": 15,
    "니/EC": 15,
    "다는/ETM": 14,
    "때/NNG": 14,
    "있/VA": 14,
    "모르/VV": 14,
    "보이/VV": 14,
    "때문/NNB": 14,
    "어요/EF": 14,
    "좀/MAG": 14,
    "어/EF": 14,
    "자신/NNG": 13,
    "손/NNG": 13,
    "머리/NNG": 13,
    "병원/NNG": 13,
    "의사/NNG": 13,
    "안/MAG": 13,
    "가/VX": 13,
    "자기/NP": 13,
    "살/VV": 13,
    "마음/NNG": 13,
    "그리고/MAJ": 13,
    "병/NNG": 12,
    "주/VV": 12,
    "먹/VV": 12,
    "까지/JX": 12,
    "듯/NNB": 12,
    "위/NNG": 12,
    "스럽/XSA-I": 12,
    "부터/JX": 11,
    "하나/NR": 11,
    "!/SF": 11,
    "거/NNB": 11,
    "과/JC": 11,
    "서/VV": 11,
    "어야/EC": 11,
    "사진/NNG": 11,
    "주지/NNG": 11,
    "전/NNG": 10,
    "더니/EC": 10,
    "나/JX": 10,
    "없이/MAG": 10,
    "다/EC": 10,
    "오/VX": 10,
    "왜/MAG": 10,
    "ᆫ지/EC": 10,
    "라도/EC": 10,
    "나가/VV": 10,
    "앞/NNG": 10,
    "신/NNG": 10,
    "놓/VX": 10,
    "고개/NNG": 10,
    "에다/JKB": 10,