{
  "metadata": {
    "author": "오정희",
    "total_works": 2,
    "works": [
      {
        "title": "중국인 거리",
        "year": "1979",
        "file_name": "1979_중국인 거리_오정희_tagged.txt"
      },
      {
        "title": "동경",
        "year": "1983",
        "file_name": "1983_동경_오정희_오정희_tagged.txt"
      }
    ]
  },
  "sentence_statistics": {
    "total_sentence_count": 1075,
    "sentence_char_stats": {
      "mean": 30.313488372093023,
      "std": 21.102922853186456,
      "median": 25.0,
      "min": 2,
      "max": 199
    },
    "sentence_word_stats": {
      "mean": 10.685581395348837,
      "std": 7.3829298092936115,
      "median": 9.0,
      "min": 1,
      "max": 64
    },
    "sentence_morpheme_stats": {
      "mean": 24.21780303030303,
      "std": 15.465256310487767,
      "median": 20.5,
      "min": 2,
      "max": 139
    },
    "word_char_stats": {
      "mean": 2.8373530692207227,
      "std": 1.0608058942423957,
      "median": 3.0,
      "min": 1,
      "max": 10
    }
  },
  "sentence_ending_statistics": {
    "noun_style_count": 7,
    "copula_style_count": 181,
    "verb_style_count": 760,
    "other_style_count": 108,
    "noun_style_ratio": 0.006628787878787879,
    "copula_style_ratio": 0.17140151515151514,
    "verb_style_ratio": 0.7196969696969697,
    "other_style_ratio": 0.10227272727272728
  },
  "lexical_statistics": {
    "total_morpheme_count": 25574,
    "average_ttr": 0.18853441435209578,
    "average_noun_ttr": 0.3500576933868298,
    "average_verb_ttr": 0.31060623388208114
  },
  "pos_frequencies": {
    "nouns_freq": 6471,
    "verbs_freq": 3345,
    "adjectives_freq": 399,
    "modifiers_freq": 1188,
    "particles_freq": 4564,
    "endings_freq": 6013,
    "nng_freq": 5239,
    "nnb_freq": 569,
    "vv_freq": 2745,
    "vx_verb_freq": 600,
    "va_freq": 399,
    "vx_adj_freq": 0,
    "etm_freq": 1599,
    "etn_freq": 119
  },
  "pos_ratios": {
    "nouns_ratio": 0.2530304215218581,
    "verbs_ratio": 0.13079690310471573,
    "adjectives_ratio": 0.015601783060921248,
    "modifiers_ratio": 0.046453429264096346,
    "particles_ratio": 0.17846250097755534,
    "endings_ratio": 0.23512160788300618,
    "nng_ratio": 0.20485649487761007,
    "nnb_ratio": 0.022249159302416516,
    "vv_ratio": 0.10733557519355595,
    "vx_verb_ratio": 0.023461327911159773,
    "va_ratio": 0.015601783060921248,
    "vx_adj_ratio": 0.0,
    "etm_ratio": 0.06252443888324079,
    "etn_ratio": 0.004653163369046688
  },
  "specialized_statistics": {
    "ending_morphemes": {
      "다/EF": 755,
      "어요/EF": 47,
      "어/EF": 23,
      "야/EF": 14,
      "지/EF": 13,
      "세요/EF": 12,
      "예요/EF": 10,
      "지요/EF": 9,
      "ᆯ까/EF": 9,
      "ᆫ다/EF": 8,
      "을까/EF": 6,
      "ᆫ가/EF": 6,
      "ᆸ니다/EF": 6,
      "에요/EF": 6,
      "요/EF": 5,
      "우/EF": 5,
      "어라/EF": 4,
      "니/EF": 4,
      "는다/EF": 4,
      "네/EF": 4,
      "대요/EF": 3,
      "던가/EF": 3,
      "잖아요/EF": 3,
      "죠/EF": 3,
      "대/EF": 2,
      "다니까/EF": 2,
      "어야지/EF": 2,
      "구나/EF": 2,
      "ᆯ께/EF": 2,
      "래요/EF": 2,
      "ᆫ다고/EF": 2,
      "거든요/EF": 2,
      "라니깐/EF": 2,
      "ᆫ다우/EF": 2,
      "으리라/EF": 1,
      "거든/EF": 1,
      "을래/EF": 1,
      "니까/EF": 1,
      "렴/EF": 1,
      "단다/EF": 1,
      "마/EF": 1,
      "ᆫ걸/EF": 1,
      "다는군/EF": 1,
      "ᆫ대/EF": 1,
      "ᆫ다니까요/EF": 1,
      "더라니까/EF": 1,
      "나/EF": 1,
      "지만요/EF": 1,
      "려무나/EF": 1,
      "다니/EF": 1,
      "라니/EF": 1,
      "군/EF": 1,
      "ᆯ까요/EF": 1,
      "다오/EF": 1,
      "구려/EF": 1,
      "려우/EF": 1,
      "으니라구/EF": 1,
      "은데요/EF": 1,
      "라구요/EF": 1,
      "ᆫ대요/EF": 1,
      "는데/EF": 1,
      "오/EF": 1,
      "는구나/EF": 1,
      "거라/EF": 1,
      "ᆫ/EF": 1,
      "란다/EF": 1,
      "는가/EF": 1,
      "라고/EF": 1,
      "느냐고/EF": 1,
      "다구/EF": 1,
      "다니요/EF": 1,
      "잖니/EF": 1,
      "라니까/EF": 1,
      "라고요/EF": 1,
      "느냐구요/EF": 1
    },
    "punctuations": {
      "./SF": 960,
      ",/SP": 310,
      "“/SSO": 126,
      "”/SSC": 126,
      "?/SF": 42,
      "(/SSO": 41,
      ")/SSC": 41,
      "……/SE": 13,
      "《/SSO": 2,
      "》/SSC": 2,
      "戰塵/SH": 2,
      "銅鏡/SH": 2,
      "中國人/SH": 1,
      "市/SH": 1,
      "貨車/SH": 1,
      "枕木/SH": 1,
      "海岸村/SH": 1,
      "瀆/SH": 1,
      "3/SN": 1,
      "海藻/SH": 1,
      "異意/SH": 1,
      "細流/SH": 1,
      "幼年/SH": 1,
      "春困/SH": 1,
      "酵母/SH": 1,
      "肝/SH": 1,
      "波狀/SH": 1,
      "阻面/SH": 1,
      "</SSO": 1,
      ">/SSC": 1,
      "風物/SH": 1,
      "船尾/SH": 1,
      "殘陽/SH": 1,
      "步幅/SH": 1,
      "筍/SH": 1,
      "6/SN": 1,
      "見/SH": 1,
      "産苦/SH": 1,
      "初潮/SH": 1,
      "尋訪/SH": 1,
      "敎友/SH": 1,
      "-/SO": 1,
      "燐/SH": 1,
      "略字/SH": 1,
      "誤字/SH": 1,
      "停年病/SH": 1,
      "外氣/SH": 1,
      "東破/SH": 1,
      "靑竹/SH": 1,
      "調髮/SH": 1,
      "回廊/SH": 1,
      "土偶/SH": 1,
      "苗種/SH": 1
    },
    "etm_detail_freq": {
      "ᆫ/ETM": 630,
      "는/ETM": 393,
      "은/ETM": 221,
      "ᆯ/ETM": 157,
      "던/ETM": 69,
      "을/ETM": 63,
      "다는/ETM": 20,
      "라는/ETM": 16,
      "ᆫ다는/ETM": 10,
      "려는/ETM": 7,
      "리라는/ETM": 2,
      "는다는/ETM": 2,
      "단/ETM": 2,
      "으려는/ETM": 2,
      "느냐는/ETM": 1,
      "려던/ETM": 1,
      "느냔/ETM": 1,
      "ᆫ단/ETM": 1,
      "으리라는/ETM": 1
    },
    "etn_detail_freq": {
      "기/ETN": 87,
      "음/ETN": 17,
      "ᆷ/ETN": 12,
      "이/ETN": 2,
      "라기/ETN": 1
    }
  },
  "top_morphemes_mfw": {
    "./SF": 960,
    "었/EP": 927,
    "어/EC": 763,
    "다/EF": 755,
    "을/JKO": 715,
    "ᆫ/ETM": 630,
    "는/JX": 525,
    "에/JKB": 504,
    "의/JKG": 468,
    "고/EC": 443,
    "는/ETM": 393,
    "이/VCP": 388,
    "를/JKO": 384,
    "이/JKS": 339,
    ",/SP": 310,
    "가/JKS": 284,
    "하/XSA": 229,
    "은/ETM": 221,
    "게/EC": 203,
    "하/XSV": 198,
    "은/JX": 185,
    "들/XSN": 175,
    "도/JX": 166,
    "ᆯ/ETM": 157,
    "그/NP": 154,
    "있/VX": 150,
    "으로/JKB": 146,
    "며/EC": 144,
    "것/NNB": 144,
    "하/VV": 135,
    "로/JKB": 130,
    "“/SSO": 126,
    "”/SSC": 126,
    "지/EC": 123,
    "나/NP": 119,
    "에서/JKB": 116,
    "아내/NNG": 109,
    "아이/NNG": 96,
    "않/VX": 89,
    "기/ETN": 87,
    "처럼/JKB": 82,
    "말/NNG": 82,
    "우리/NP": 78,
    "던/ETM": 69,
    "되/VV": 68,
    "과/JC": 67,
    "지/VX": 65,
    "때/NNG": 64,
    "을/ETM": 63,
    "집/NNG": 62,
    "한/MM": 60,
    "보/VV": 60,
    "하/VX": 57,
    "속/NNG": 57,
    "면/EC": 56,
    "그/MM": 55,
    "없/VA": 53,
    "소리/NNG": 53,
    "할머니/NNG": 52,
    "듯/NNB": 50,
    "에게/JKB": 50,
    "어서/EC": 49,
    "옥/NNG": 48,
    "만/JX": 47,
    "어요/EF": 47,
    "수/NNB": 46,
    "어머니/NNG": 45,
    "치/NNG": 44,
    "가/VV": 43,
    "그리고/MAJ": 42,
    "와/JC": 42,
    "?/SF": 42,
    "(/SSO": 41,
    ")/SSC": 41,
    "손/NNG": 40,
    "오/VV": 38,
    "때문/NNB": 34,
    "사람/NNG": 34,
    "같/VA": 34,
    "라고/EC": 32,
    "거/NNB": 32,
    "머리/NNG": 31,
    "이/JKC": 31,
    "들/VV": 31,
    "눈/NNG": 31,
    "거리/NNG": 30,
    "놓/VX": 30,
    "앉/VV": 30,
    "과/JKB": 30,
    "알/VV": 29,
    "얼굴/NNG": 29,
    "나오/VV": 28,
    "오/VX": 28,
    "ᆫ/JX": 28,
    "자/EC": 28,
    "서/VV": 28,
    "번/NNB": 27,
    "그것/NP": 27,
    "듯/EC": 27,
    "있/VV": 26,
    "넣/VV": 26,
    "위/NNG": 26,
    "못/MAG": 26,
    "길/NNG": 26,
    "주/VX": 26,
    "그러나/MAJ": 25,
    "쓰/VV": 25,
    "들리/VV": 25,
    "언니/NNG": 25,
    "틀니/NNG": 25,
    "방/NNG": 24,
    "있/VA": 24,
    "까지/JX": 24,
    "빛/NNG": 24,
    "두/MM": 24,
    "바라보/VV": 24,
    "청년/NNG": 24,
    "다시/MAG": 23,
    "사이/NNG": 23,
    "중국인/NNG": 23,
    "뒤/NNG": 23,
    "어/EF": 23,
    "어도/EC": 23,
    "생각/NNG": 23,
    "보이/VV": 23,
    "거울/NNG": 23,
    "가/VX": 22,
    "문/NNG": 22,
    "옷/NNG": 22,
    "앞/NNG": 22,
    "으며/EC": 21,
    "입/NNG": 21,
    "니/EC": 21,
    "이/XSN": 21,
    "ᆯ/JKO": 21,
    "언덕/NNG": 21,
    "제니/NNP": 21,
    "다는/ETM": 20,
    "따위/NNB": 20,
    "애/NNG": 20,
    "모르/VV": 20,
    "어야/EC": 19,
    "아니/VCN": 19,
    "들어가/VV": 19,
    "안/NNG": 19,
    "만들/VV": 19,
    "위하/VV": 19,
    "날/NNG": 19,