{
  "metadata": {
    "author": "윤흥",
    "total_works": 2,
    "works": [
      {
        "title": "아홉 켤레의 구두로 남은 사내",
        "year": "1977",
        "file_name": "1977_아홉 켤레의 구두로 남은 사내_윤흥길_tagged.txt"
      },
      {
        "title": "기억 속의 들꽃",
        "year": "1979",
        "file_name": "1979_기억 속의 들꽃_윤흥길_tagged.txt"
      }
    ]
  },
  "sentence_statistics": {
    "total_sentence_count": 1285,
    "sentence_char_stats": {
      "mean": 30.59922178988327,
      "std": 20.39059444466591,
      "median": 27.0,
      "min": 0,
      "max": 177
    },
    "sentence_word_stats": {
      "mean": 10.46692607003891,
      "std": 6.9776655566882475,
      "median": 9.0,
      "min": 1,
      "max": 63
    },
    "sentence_morpheme_stats": {
      "mean": 24.139442231075698,
      "std": 14.708714862828277,
      "median": 22.0,
      "min": 3,
      "max": 129
    },
    "word_char_stats": {
      "mean": 2.9249423491780107,
      "std": 1.151903386858012,
      "median": 3.0,
      "min": 1,
      "max": 20
    }
  },
  "sentence_ending_statistics": {
    "noun_style_count": 10,
    "copula_style_count": 326,
    "verb_style_count": 759,
    "other_style_count": 160,
    "noun_style_ratio": 0.00796812749003984,
    "copula_style_ratio": 0.2597609561752988,
    "verb_style_ratio": 0.6047808764940239,
    "other_style_ratio": 0.12749003984063745
  },
  "lexical_statistics": {
    "total_morpheme_count": 30295,
    "average_ttr": 0.19731015735941626,
    "average_noun_ttr": 0.36129242770598047,
    "average_verb_ttr": 0.3293538047527272
  },
  "pos_frequencies": {
    "nouns_freq": 7833,
    "verbs_freq": 3500,
    "adjectives_freq": 419,
    "modifiers_freq": 1914,
    "particles_freq": 5273,
    "endings_freq": 6958,
    "nng_freq": 5608,
    "nnb_freq": 933,
    "vv_freq": 2775,
    "vx_verb_freq": 725,
    "va_freq": 419,
    "vx_adj_freq": 0,
    "etm_freq": 1727,
    "etn_freq": 177
  },
  "pos_ratios": {
    "nouns_ratio": 0.2585575177422017,
    "verbs_ratio": 0.11553061561313747,
    "adjectives_ratio": 0.01383066512625846,
    "modifiers_ratio": 0.06317874236672719,
    "particles_ratio": 0.17405512460802114,
    "endings_ratio": 0.2296748638389173,
    "nng_ratio": 0.1851130549595643,
    "nnb_ratio": 0.03079716124773065,
    "vv_ratio": 0.091599273807559,
    "vx_verb_ratio": 0.023931341805578477,
    "va_ratio": 0.01383066512625846,
    "vx_adj_ratio": 0.0,
    "etm_ratio": 0.05700610661825384,
    "etn_ratio": 0.005842548275292953
  },
  "specialized_statistics": {
    "ending_morphemes": {
      "다/EF": 869,
      "ᆸ니다/EF": 46,
      "어요/EF": 43,
      "읍니다/EF": 21,
      "죠/EF": 19,
      "어/EF": 18,
      "ᆫ다/EF": 15,
      "지/EF": 13,
      "ᆸ니까/EF": 12,
      "예요/EF": 9,
      "ᆫ가/EF": 8,
      "야/EF": 8,
      "군요/EF": 8,
      "세요/EF": 7,
      "지요/EF": 7,
      "읍니까/EF": 6,
      "냐/EF": 6,
      "습니다/EF": 5,
      "라구요/EF": 4,
      "어라/EF": 4,
      "오/EF": 4,
      "니/EF": 4,
      "나요/EF": 3,
      "으니까요/EF": 3,
      "던가요/EF": 3,
      "구요/EF": 3,
      "자/EF": 3,
      "니까요/EF": 2,
      "대/EF": 2,
      "는군요/EF": 2,
      "잖아/EF": 2,
      "에요/EF": 2,
      "다니까요/EF": 2,
      "애요/EF": 2,
      "ᆯ까요/EF": 2,
      "ᆯ까/EF": 2,
      "ᆫ지/EF": 2,
      "대요/EF": 2,
      "을까요/EF": 2,
      "ᆸ쇼/EF": 2,
      "랍니다/EF": 2,
      "거든요/EF": 2,
      "ᆸ디다/EF": 2,
      "네요/EF": 2,
      "거라/EF": 2,
      "여/EF": 2,
      "다마다요/EF": 1,
      "ᆸ시다/EF": 1,
      "답니다/EF": 1,
      "군/EF": 1,
      "쇠다/EF": 1,
      "다니깐요/EF": 1,
      "니까/EF": 1,
      "잖아요/EF": 1,
      "는지/EF": 1,
      "는가/EF": 1,
      "냐구/EF": 1,
      "다구요/EF": 1,
      "다니/EF": 1,
      "라/EF": 1,
      "우/EF": 1,
      "리다/EF": 1,
      "ᆸ시오/EF": 1,
      "로군/EF": 1,
      "더구만/EF": 1,
      "ᆫ답니다/EF": 1,
      "래요/EF": 1,
      "다는군요/EF": 1,
      "라니까/EF": 1,
      "요/EF": 1,
      "을지/EF": 1,
      "라니께/EF": 1,
      "ᆯ려구요/EF": 1,
      "거든/EF": 1,
      "구만요/EF": 1,
      "다아/EF": 1,
      "네/EF": 1,
      "구먼/EF": 1,
      "디/EF": 1,
      "디여/EF": 1,
      "다고/EF": 1,
      "구나/EF": 1
    },
    "punctuations": {
      "./SF": 1079,
      "“/SSO": 207,
      "”/SSC": 206,
      ",/SP": 147,
      "?/SF": 61,
      "!/SF": 38,
      "……/SE": 33,
      "</SSO": 9,
      ">/SSC": 9,
      "20/SN": 8,
      "(/SSO": 8,
      ")/SSC": 8,
      "6/SN": 5,
      "10/SN": 5,
      "100/SN": 3,
      "《/SSO": 2,
      "》/SSC": 2,
      "3/SN": 2,
      "--/SO": 2,
      "8/SN": 2,
      "1/SN": 2,
      "7/SN": 2,
      "11/SN": 2,
      "15/SN": 1,
      "紡錘/SH": 1,
      "近隣愛/SH": 1,
      "炭川/SH": 1,
      "姓/SH": 1,
      "30/SN": 1,
      "經産/SH": 1,
      "2/SN": 1
    },
    "etm_detail_freq": {
      "ᆫ/ETM": 575,
      "는/ETM": 479,
      "ᆯ/ETM": 254,
      "은/ETM": 169,
      "을/ETM": 80,
      "던/ETM": 73,
      "다는/ETM": 28,
      "라는/ETM": 19,
      "ᆫ다는/ETM": 11,
      "려는/ETM": 11,
      "란/ETM": 10,
      "으려는/ETM": 4,
      "려던/ETM": 3,
      "으란/ETM": 2,
      "으라는/ETM": 2,
      "더라는/ETM": 2,
      "는다는/ETM": 1,
      "잔/ETM": 1,
      "자는/ETM": 1,
      "으리란/ETM": 1,
      "냐는/ETM": 1
    },
    "etn_detail_freq": {
      "기/ETN": 124,
      "ᆷ/ETN": 33,
      "음/ETN": 18,
      "라기/ETN": 1,
      "이/ETN": 1
    }
  },
  "top_morphemes_mfw": {
    "었/EP": 1136,
    "./SF": 1079,
    "다/EF": 869,
    "을/JKO": 650,
    "어/EC": 631,
    "이/VCP": 628,
    "ᆫ/ETM": 575,
    "에/JKB": 504,
    "고/EC": 483,
    "는/JX": 480,
    "는/ETM": 479,
    "이/JKS": 478,
    "를/JKO": 426,
    "의/JKG": 423,
    "가/JKS": 400,
    "하/XSV": 396,
    "나/NP": 307,
    "도/JX": 257,
    "ᆯ/ETM": 254,
    "하/XSA": 252,
    "게/EC": 230,
    "“/SSO": 207,
    "”/SSC": 206,
    "으로/JKB": 196,
    "것/NNB": 183,
    "하/VV": 182,
    "은/JX": 175,
    "은/ETM": 169,
    "로/JKB": 167,
    "들/XSN": 166,
    "지/EC": 161,
    "에서/JKB": 155,
    "있/VX": 149,
    "어서/EC": 148,
    ",/SP": 147,
    "그/NP": 146,
    "그/MM": 138,
    "않/VX": 127,
    "기/ETN": 124,
    "권/NNP": 112,
    "없/VA": 111,
    "씨/NNB": 110,
    "되/VV": 109,
    "만/JX": 101,
    "ᆫ/JX": 96,
    "우리/NP": 94,
    "사람/NNG": 85,
    "거/NNB": 82,
    "을/ETM": 80,
    "한/MM": 79,
    "면서/EC": 77,
    "하/VX": 77,
    "아니/VCN": 74,
    "말/NNG": 74,
    "던/ETM": 73,
    "수/NNB": 73,
    "이/XSN": 73,
    "아내/NNG": 69,
    "까지/JX": 66,
    "보/VV": 62,
    "ᆯ/JKO": 61,
    "?/SF": 61,
    "명선/NNP": 60,
    "때/NNG": 57,
    "지/VX": 56,
    "이/JKC": 53,
    "집/NNG": 52,
    "보/VX": 51,
    "어도/EC": 51,
    "그렇/VA-I": 50,
    "면/EC": 50,
    "일/NNG": 50,
    "선생/NNG": 47,
    "ᆸ니다/EF": 46,
    "어머니/NNG": 46,
    "처럼/JKB": 45,
    "들/VV": 44,
    "주/VX": 44,
    "어요/EF": 43,
    "같/VA": 42,
    "있/VV": 42,
    "가/VV": 42,
    "애/NNG": 42,
    "알/VV": 41,
    "못/MAG": 41,
    "그것/NP": 40,
    "눈/NNG": 40,
    "안/MAG": 38,
    "!/SF": 38,
    "아이/NNG": 37,
    "속/NNG": 37,
    "한테/JKB": 36,
    "자기/NP": 36,
    "모르/VV": 36,
    "생각/NNG": 35,
    "있/VA": 35,
    "소리/NNG": 35,
    "며/EC": 35,
    "라고/EC": 34,
    "되/XSV": 33,
    "……/SE": 33,
    "누구/NP": 33,
    "ᆷ/ETN": 33,
    "시/EP": 32,
    "저/NP": 32,
    "보다/JKB": 32,
    "다/EC": 32,
    "에게/JKB": 32,
    "아버지/NNG": 32,
    "손/NNG": 31,
    "날/NNG": 31,
    "먹/VV": 31,
    "하나/NR": 30,
    "구두/NNG": 29,
    "버리/VX": 29,
    "무슨/MM": 29,
    "녀석/NNB": 29,
    "다가/EC": 29,
    "네/XSN": 28,
    "싶/VX": 28,
    "다는/ETM": 28,
    "오/VV": 28,
    "겠/EP": 28,
    "가/JKC": 28,
    "적/XSN": 27,
    "보이/VV": 27,
    "다음/NNG": 27,
    "시작/NNG": 27,
    "모양/NNG": 27,
    "그런/MM": 26,
    "더/MAG": 26,
    "더니/EC": 26,
    "이나/JX": 26,
    "얼굴/NNG": 26,
    "와/JC": 26,
    "위/NNG": 26,
    "도록/EC": 25,
    "나오/VV": 25,
    "과/JC": 25,
    "부터/JX": 24,
    "다고/EC": 24,
    "앞/NNG": 24,
    "는지/EC": 24,
    "번/NNB": 24,
    "그리고/MAJ": 24,
    "쓰/VV": 24,
    "또/MAG": 24,
    "듣/VV-I": 24,
    "오/VX": 24,
    "마을/NNG": 24,
    "처음/NNG": 23,
    "어야/EC": 23,
    "다른/MM": 23,
    "줄/NNB": 23,
    "입/NNG": 23,
    "없이/MAG": 23,
    "는데/EC": 23,
    "가/VX": 23,
    "떨어지/VV": 22,
    "다/MAG": 22,