{
  "metadata": {
    "author": "이광수",
    "total_works": 2,
    "works": [
      {
        "title": "유정",
        "year": "1933",
        "file_name": "1933_유정_이광수_tagged.txt"
      },
      {
        "title": "꿈",
        "year": "1947",
        "file_name": "1947_꿈_이광수_tagged.txt"
      }
    ]
  },
  "sentence_statistics": {
    "total_sentence_count": 5507,
    "sentence_char_stats": {
      "mean": 26.167060105320502,
      "std": 34.766638320828584,
      "median": 20.0,
      "min": 0,
      "max": 1410
    },
    "sentence_word_stats": {
      "mean": 9.591065916106773,
      "std": 12.879962072799149,
      "median": 7.0,
      "min": 1,
      "max": 517
    },
    "sentence_morpheme_stats": {
      "mean": 30.53970286885246,
      "std": 52.73745540287973,
      "median": 20.0,
      "min": 2,
      "max": 2124
    },
    "word_char_stats": {
      "mean": 2.7286360796046276,
      "std": 1.0932726097716567,
      "median": 3.0,
      "min": 1,
      "max": 15
    }
  },
  "sentence_ending_statistics": {
    "noun_style_count": 91,
    "copula_style_count": 609,
    "verb_style_count": 2679,
    "other_style_count": 525,
    "noun_style_ratio": 0.0233094262295082,
    "copula_style_ratio": 0.1559938524590164,
    "verb_style_ratio": 0.686219262295082,
    "other_style_ratio": 0.13447745901639344
  },
  "lexical_statistics": {
    "total_morpheme_count": 119227,
    "average_ttr": 0.07365549671476847,
    "average_noun_ttr": 0.15054765471836604,
    "average_verb_ttr": 0.10754379314600207
  },
  "pos_frequencies": {
    "nouns_freq": 29148,
    "verbs_freq": 14093,
    "adjectives_freq": 1858,
    "modifiers_freq": 6480,
    "particles_freq": 21443,
    "endings_freq": 26512,
    "nng_freq": 19458,
    "nnb_freq": 3011,
    "vv_freq": 12023,
    "vx_verb_freq": 2070,
    "va_freq": 1858,
    "vx_adj_freq": 0,
    "etm_freq": 5843,
    "etn_freq": 438
  },
  "pos_ratios": {
    "nouns_ratio": 0.24447482533318796,
    "verbs_ratio": 0.11820309158160484,
    "adjectives_ratio": 0.015583718453034967,
    "modifiers_ratio": 0.05435010526139213,
    "particles_ratio": 0.17985020171605426,
    "endings_ratio": 0.2223657393040167,
    "nng_ratio": 0.16320128829879138,
    "nnb_ratio": 0.025254346750316622,
    "vv_ratio": 0.10084125240088235,
    "vx_verb_ratio": 0.017361839180722486,
    "va_ratio": 0.015583718453034967,
    "vx_adj_ratio": 0.0,
    "etm_ratio": 0.04900735571640652,
    "etn_ratio": 0.0036736645222978015
  },
  "specialized_statistics": {
    "ending_morphemes": {
      "다/EF": 1909,
      "오/EF": 615,
      "ᆫ다/EF": 245,
      "어요/EF": 190,
      "지요/EF": 155,
      "습니다/EF": 144,
      "ᆸ니다/EF": 130,
      "어/EF": 112,
      "야/EF": 76,
      "ᆫ가/EF": 63,
      "어라/EF": 56,
      "는다/EF": 49,
      "냐/EF": 49,
      "지/EF": 47,
      "습니까/EF": 44,
      "ᆯ까/EF": 43,
      "세요/EF": 39,
      "ᆸ니까/EF": 39,
      "요/EF": 32,
      "ᆸ시다/EF": 31,
      "나/EF": 22,
      "을까/EF": 20,
      "느냐/EF": 20,
      "고/EF": 20,
      "야요/EF": 19,
      "는가/EF": 16,
      "네/EF": 16,
      "ᆸ소서/EF": 16,
      "리다/EF": 15,
      "여/EF": 13,
      "우/EF": 12,
      "ᆯ까요/EF": 12,
      "거라/EF": 11,
      "ᆫ고/EF": 10,
      "구려/EF": 10,
      "자/EF": 10,
      "는구려/EF": 9,
      "렷다/EF": 9,
      "나요/EF": 8,
      "ᆸ시오/EF": 8,
      "라고/EF": 8,
      "로군/EF": 8,
      "거든/EF": 8,
      "ᆫ데/EF": 8,
      "려무나/EF": 7,
      "어야지/EF": 7,
      "을까요/EF": 7,
      "는데/EF": 7,
      "던고/EF": 6,
      "니까/EF": 6,
      "마/EF": 6,
      "으세요/EF": 6,
      "ᆯ세/EF": 6,
      "랴/EF": 5,
      "답니다/EF": 5,
      "라니/EF": 5,
      "다니/EF": 5,
      "니/EF": 5,
      "나이다/EF": 5,
      "으니까/EF": 4,
      "구나/EF": 4,
      "자고/EF": 4,
      "외다/EF": 4,
      "은데/EF": 4,
      "는고/EF": 4,
      "다니까/EF": 4,
      "는걸/EF": 4,
      "든/EF": 3,
      "어야지요/EF": 3,
      "ᆸ디다/EF": 3,
      "ᆫ다고/EF": 3,
      "소이다/EF": 3,
      "던데/EF": 3,
      "ᆯ란다/EF": 3,
      "오리까/EF": 3,
      "ᆯ꼬/EF": 3,
      "던가/EF": 3,
      "소서/EF": 3,
      "으냐/EF": 3,
      "은가/EF": 3,
      "구/EF": 3,
      "읍시다/EF": 3,
      "군/EF": 3,
      "는구나/EF": 3,
      "리까/EF": 3,
      "노라/EF": 3,
      "라/EF": 3,
      "ᆷ/EF": 3,
      "ᆸ디까/EF": 3,
      "ᆫ답니다/EF": 2,
      "더라/EF": 2,
      "구먼요/EF": 2,
      "게/EF": 2,
      "까요/EF": 2,
      "으리라/EF": 2,
      "은가요/EF": 2,
      "ᆫ가요/EF": 2,
      "거든요/EF": 2,
      "다고/EF": 2,
      "ᆫ지/EF": 2,
      "구요/EF": 2,
      "을걸/EF": 2,
      "오리다/EF": 2,
      "게요/EF": 2,
      "데/EF": 2,
      "노/EF": 2,
      "래/EF": 2,
      "에요/EF": 2,
      "으랴/EF": 2,
      "습디다/EF": 1,
      "로구나/EF": 1,
      "래요/EF": 1,
      "담/EF": 1,
      "너라/EF": 1,
      "으니/EF": 1,
      "ᆫ다면/EF": 1,
      "라니요/EF": 1,
      "려고/EF": 1,
      "더구먼/EF": 1,
      "냐고/EF": 1,
      "려나/EF": 1,
      "ᆫ걸요/EF": 1,
      "는데요/EF": 1,
      "다지/EF": 1,
      "애요/EF": 1,
      "으마/EF": 1,
      "ᆯ랍니다/EF": 1,
      "라던가/EF": 1,
      "이/EF": 1,
      "죠/EF": 1,
      "더군요/EF": 1,
      "어서요/EF": 1,
      "은지/EF": 1,
      "더니/EF": 1,
      "느냐고/EF": 1,
      "군요/EF": 1,
      "ᆸ쇼/EF": 1,
      "고요/EF": 1,
      "대요/EF": 1,
      "여요/EF": 1,
      "듯이/EF": 1,
      "더냐/EF": 1,
      "니다/EF": 1,
      "어서/EF": 1,
      "ᆯ는지/EF": 1,
      "예요/EF": 1,
      "ᆫ다던가/EF": 1,
      "ᆷ세/EF": 1,
      "라더라/EF": 1,
      "라던/EF": 1,
      "더라니/EF": 1,
      "ᆫ다우/EF": 1,
      "ᆯ걸/EF": 1,
      "면서/EF": 1,
      "ᆯ라고/EF": 1,
      "으니까요/EF": 1,
      "라니까/EF": 1,
      "ᆫ대요/EF": 1,
      "람/EF": 1,
      "것다/EF": 1,
      "ᆫ걸/EF": 1
    },
    "punctuations": {
      "./SF": 5308,
      ",/SP": 1582,
      "“/SSO": 1097,
      "”/SSC": 1097,
      "?/SF": 611,
      "!/SF": 201,
      "‘/SSO": 119,
      "’/SSC": 119,
      "(/SSO": 66,
      ")/SSC": 66,
      "R/SL": 63,
      "……/SE": 30,
      "'/SSO": 28,
      "'/SSC": 28,
      "J/SL": 27,
      "K/SL": 23,
      "C/SL": 13,
      "Y/SL": 12,
      "</SSO": 11,
      ">/SSC": 11,
      "F/SL": 11,
      "[/SSO": 10,
      "]/SSC": 10,
      "M/SL": 9,
      "head/SL": 6,
      ":/SP": 5,
      "●●/SW": 5,
      "X/SL": 5,
      "T/SL": 4,
      "S/SL": 4,
      "B/SL": 4,
      "·/SP": 3,
      "//SP": 3,
      "《/SSO": 2,
      "》/SSC": 2,
      "A/SL": 2,
      "●/SW": 2,
      "崔晳/SH": 1,
      "南貞妊/SH": 1,
      "N/SL": 1,
      "南白坡/SH": 1,
      "南火/SH": 1,
      "天津/SH": 1,
      "北京/SH": 1,
      "相灝/SH": 1,
      "白坡/SH": 1,
      "太白狂奴/SH": 1,
      "白巖/SH": 1,
      "朴殷植/SH": 1,
      "中西女塾/SH": 1,
      "東京/SH": 1,
      "L/SL": 1,
      "熙/SH": 1,
      "ナンテイニンキフビヨウスグコイ/SW": 1,
      "オホヤマ/SW": 1,
      "23/SN": 1,
      "P/SL": 1,
      "伊藤博文/SH": 1,
      "松花江/SH": 1,
      "「/SSO": 1,
      "」/SSC": 1,
      "…………/SE": 1,
      "V/SL": 1,
      "馬占山/SH": 1,
      "Overcome/SL": 1,
      "Ove/SL": 1,
      "rcome./SL": 1,
      "調信/SH": 1,
      "平木/SH": 1,
      "龍船和尙/SH": 1,
      "世達寺/SH": 1,
      "農莊/SH": 1,
      "溟州/SH": 1,
      "捺李郡/SH": 1,
      "月禮/SH": 1,
      "齋者/SH": 1,
      "今將甘露茶/SH": 1,
      "奉獻證明前/SH": 1,
      "誥察虔懇心/SH": 1,
      "願垂哀納受/SH": 1,
      "百劫積集罪/SH": 1,
      "一念頓蕩除/SH": 1,
      "如火焚枯草/SH": 1,
      "滅盡無有餘/SH": 1,
      "佛/SH": 1,
      "法/SH": 1,
      "僧/SH": 1,
      "我今一身中/SH": 1,
      "卽現無盡身/SH": 1,
      "遍在諸佛前/SH": 1,
      "一一無數禮/SH": 1,
      "普禮眞言/SH": 1,
      "阿只/SH": 1,
      "睡魔/SH": 1,
      "太白山/SH": 1,
      "劍/SH": 1,
      "茸/SH": 1,
      "…/SE": 1,
      "ㄱ/SW": 1,
      "官庭/SH": 1,
      "洛山四聖/SH": 1
    },
    "etm_detail_freq": {
      "ᆫ/ETM": 1894,
      "는/ETM": 1577,
      "ᆯ/ETM": 829,
      "은/ETM": 680,
      "던/ETM": 252,
      "을/ETM": 247,
      "라는/ETM": 103,
      "다는/ETM": 59,
      "란/ETM": 41,
      "단/ETM": 41,
      "ᆫ다는/ETM": 39,
      "려는/ETM": 25,
      "ᆫ단/ETM": 20,
      "자는/ETM": 11,
      "으려는/ETM": 6,
      "려던/ETM": 5,
      "는다는/ETM": 4,
      "더란/ETM": 3,
      "다던/ETM": 1,
      "는단/ETM": 1,
      "리란/ETM": 1,
      "으리라는/ETM": 1,
      "으려던/ETM": 1,
      "더라는/ETM": 1,
      "으란/ETM": 1
    },