{
  "metadata": {
    "author": "이인성",
    "total_works": 3,
    "works": [
      {
        "title": "길, 한 이십 년",
        "year": "1981",
        "file_name": "1981_길, 한 이십 년_이인성_tagged.txt"
      },
      {
        "title": "편지쓰기",
        "year": "1985",
        "file_name": "1985_편지쓰기_이인성_tagged.txt"
      },
      {
        "title": "질척이는 봄",
        "year": "1991",
        "file_name": "1991_질척이는 봄_이인성_tagged.txt"
      }
    ]
  },
  "sentence_statistics": {
    "total_sentence_count": 1634,
    "sentence_char_stats": {
      "mean": 24.9124847001224,
      "std": 61.78365977543006,
      "median": 18.0,
      "min": 0,
      "max": 1854
    },
    "sentence_word_stats": {
      "mean": 8.82435740514076,
      "std": 21.47351262691114,
      "median": 7.0,
      "min": 1,
      "max": 644
    },
    "sentence_morpheme_stats": {
      "mean": 21.682027649769584,
      "std": 94.22481422168902,
      "median": 16.0,
      "min": 2,
      "max": 3621
    },
    "word_char_stats": {
      "mean": 2.8524280008408662,
      "std": 1.133299534436398,
      "median": 3.0,
      "min": 1,
      "max": 10
    }
  },
  "sentence_ending_statistics": {
    "noun_style_count": 76,
    "copula_style_count": 249,
    "verb_style_count": 931,
    "other_style_count": 263,
    "noun_style_ratio": 0.050032916392363395,
    "copula_style_ratio": 0.16392363396971693,
    "verb_style_ratio": 0.6129032258064516,
    "other_style_ratio": 0.17314022383146807
  },
  "lexical_statistics": {
    "total_morpheme_count": 32935,
    "average_ttr": 0.20076131459206314,
    "average_noun_ttr": 0.37399590609380784,
    "average_verb_ttr": 0.36740031418745606
  },
  "pos_frequencies": {
    "nouns_freq": 7884,
    "verbs_freq": 3828,
    "adjectives_freq": 484,
    "modifiers_freq": 1937,
    "particles_freq": 5294,
    "endings_freq": 7328,
    "nng_freq": 5828,
    "nnb_freq": 680,
    "vv_freq": 2975,
    "vx_verb_freq": 853,
    "va_freq": 484,
    "vx_adj_freq": 0,
    "etm_freq": 1873,
    "etn_freq": 208
  },
  "pos_ratios": {
    "nouns_ratio": 0.23938059814786702,
    "verbs_ratio": 0.1162289357826021,
    "adjectives_ratio": 0.014695612570214059,
    "modifiers_ratio": 0.058812813116745105,
    "particles_ratio": 0.16074085319568848,
    "endings_ratio": 0.22249886139365416,
    "nng_ratio": 0.17695460756034614,
    "nnb_ratio": 0.020646728404432973,
    "vv_ratio": 0.09032943676939426,
    "vx_verb_ratio": 0.025899499013207834,
    "va_ratio": 0.014695612570214059,
    "vx_adj_ratio": 0.0,
    "etm_ratio": 0.056869591619857295,
    "etn_ratio": 0.00631546986488538
  },
  "specialized_statistics": {
    "ending_morphemes": {
      "다/EF": 831,
      "ᆫ다/EF": 169,
      "어/EF": 90,
      "ᆯ까/EF": 38,
      "ᆫ가/EF": 33,
      "지/EF": 32,
      "는다/EF": 29,
      "ᆸ니다/EF": 27,
      "야/EF": 21,
      "을까/EF": 19,
      "자/EF": 12,
      "세요/EF": 11,
      "던가/EF": 10,
      "리라/EF": 10,
      "ᆫ데/EF": 9,
      "어요/EF": 8,
      "습니다/EF": 8,
      "고/EF": 7,
      "는가/EF": 7,
      "나/EF": 6,
      "냐/EF": 6,
      "잖아/EF": 5,
      "니까/EF": 5,
      "네/EF": 5,
      "라구/EF": 5,
      "예요/EF": 5,
      "군요/EF": 5,
      "어야지/EF": 4,
      "구나/EF": 4,
      "죠/EF": 4,
      "지요/EF": 4,
      "라고/EF": 4,
      "게/EF": 3,
      "면서/EF": 3,
      "군/EF": 3,
      "요/EF": 3,
      "ᆯ지/EF": 3,
      "지만/EF": 3,
      "라/EF": 3,
      "나요/EF": 3,
      "ᆸ시오/EF": 3,
      "거든/EF": 3,
      "으리라/EF": 3,
      "다고/EF": 2,
      "는데/EF": 2,
      "ᆫ데요/EF": 2,
      "으니까요/EF": 2,
      "도록/EF": 2,
      "오/EF": 2,
      "ᆫ지/EF": 2,
      "을는지/EF": 2,
      "ᆯ께/EF": 2,
      "라구요/EF": 2,
      "ᆫ가요/EF": 2,
      "어서요/EF": 2,
      "ᆯ까요/EF": 2,
      "으라/EF": 2,
      "으므로/EF": 1,
      "구먼/EF": 1,
      "ᆫ다구/EF": 1,
      "ᆫ다니까/EF": 1,
      "냐고/EF": 1,
      "어야지요/EF": 1,
      "ᆷ다/EF": 1,
      "ᆸ니까/EF": 1,
      "다오/EF": 1,
      "쇼/EF": 1,
      "니/EF": 1,
      "은가/EF": 1,
      "잖아요/EF": 1,
      "어라/EF": 1,
      "읍시다/EF": 1,
      "더라/EF": 1,
      "너라/EF": 1,
      "ᆫ다고/EF": 1,
      "라니/EF": 1,
      "는군/EF": 1,
      "려고/EF": 1,
      "으니까/EF": 1,
      "구/EF": 1,
      "을걸/EF": 1,
      "에요/EF": 1,
      "ᆯ게요/EF": 1,
      "ᆯ걸/EF": 1,
      "대니까/EF": 1,
      "ᆯ게/EF": 1,
      "냐구요/EF": 1,
      "으세요/EF": 1,
      "든/EF": 1,
      "대/EF": 1,
      "냐구/EF": 1
    },
    "punctuations": {
      "./SF": 1417,
      ",/SP": 926,
      "?/SF": 267,
      "“/SSO": 192,
      "”/SSC": 191,
      "…/SE": 172,
      "--/SO": 42,
      "'/SSO": 39,
      "'/SSC": 39,
      "!/SF": 39,
      "(/SSO": 13,
      ")/SSC": 13,
      "-/SO": 5,
      "3/SN": 5,
      "‘/SSO": 4,
      "’/SSC": 4,
      "//SP": 4,
      "[/SSO": 4,
      "]/SSC": 4,
      "《/SSO": 3,
      "》/SSC": 3,
      ":/SP": 2,
      "弘和門/SH": 2,
      "……/SE": 2,
      "2/SN": 2,
      "切頭山/SH": 2,
      "9/SN": 2,
      "510/SN": 2,
      "11/SN": 2,
      "5/SN": 2,
      "1974/SN": 1,
      "1973/SN": 1,
      "明政門/SH": 1,
      "明政殿/SH": 1,
      "歡慶殿/SH": 1,
      "意志/SH": 1,
      "U/SL": 1,
      "'/SS": 1,
      "flower/SL": 1,
      "children/SL": 1,
      "m/SL": 1,
      "ind/SL": 1,
      "blowing/SL": 1,
      "忘憂里/SH": 1,
      "殉敎聖址/SH": 1,
      "楊花津/SH": 1,
      "北京/SH": 1,
      "西學/SH": 1,
      "丙寅迫害/SH": 1,
      "斥和碑/SH": 1,
      "8/SN": 1,
      "37/SN": 1,
      "20/SN": 1,
      "copy/SL": 1,
      "96/SN": 1,
      "Welsh/SL": 1,
      "Paul/SL": 1,
      "Anthony/SL": 1,
      "Constantin/SL": 1,
      "Dise/SL": 1,
      "Carle/SL": 1,
      "Dedit/SL": 1,
      "ㄱ/SW": 1,
      "90/SN": 1,
      "10/SN": 1,
      "400/SN": 1,
      "6918/SN": 1,
      "15/SN": 1,
      "30/SN": 1
    },
    "etm_detail_freq": {
      "ᆫ/ETM": 712,
      "는/ETM": 434,
      "ᆯ/ETM": 225,
      "은/ETM": 213,
      "던/ETM": 130,
      "을/ETM": 62,
      "다는/ETM": 31,
      "라는/ETM": 17,
      "ᆫ다는/ETM": 14,
      "란/ETM": 13,
      "려는/ETM": 6,
      "단/ETM": 5,
      "ᆫ단/ETM": 4,
      "으리라는/ETM": 2,
      "는다는/ETM": 1,
      "려던/ETM": 1,
      "자는/ETM": 1,
      "으려는/ETM": 1,
      "냐는/ETM": 1
    },
    "etn_detail_freq": {
      "기/ETN": 113,
      "ᆷ/ETN": 65,
      "음/ETN": 29,
      "라기/ETN": 1
    }
  },
  "top_morphemes_mfw": {
    "./SF": 1417,
    "었/EP": 1023,
    ",/SP": 926,
    "어/EC": 869,
    "다/EF": 831,
    "을/JKO": 801,
    "ᆫ/ETM": 712,
    "의/JKG": 705,
    "이/VCP": 556,
    "는/JX": 541,
    "에/JKB": 472,
    "이/JKS": 451,
    "는/ETM": 434,
    "고/EC": 417,
    "하/XSA": 380,
    "를/JKO": 373,
    "하/XSV": 340,
    "그/NP": 338,
    "가/JKS": 330,
    "나/NP": 279,
    "?/SF": 267,
    "있/VX": 247,
    "게/EC": 241,
    "은/JX": 239,
    "으로/JKB": 236,
    "ᆯ/ETM": 225,
    "것/NNB": 215,
    "은/ETM": 213,
    "그/MM": 206,
    "“/SSO": 192,
    "”/SSC": 191,
    "로/JKB": 182,
    "…/SE": 172,
    "ᆫ다/EF": 169,
    "도/JX": 150,
    "들/XSN": 132,
    "던/ETM": 130,
    "에서/JKB": 126,
    "지/VX": 125,
    "지/EC": 124,
    "기/ETN": 113,
    "며/EC": 111,
    "없/VA": 108,
    "하/VV": 101,
    "속/NNG": 96,
    "어/EF": 90,
    "하/VX": 86,
    "않/VX": 84,
    "되/VV": 82,
    "수/NNB": 81,
    "되/XSV": 78,
    "한/MM": 76,
    "아니/VCN": 73,
    "몸/NNG": 71,
    "이/MM": 69,
    "ᆷ/ETN": 65,
    "을/ETM": 62,
    "어서/EC": 62,
    "과/JC": 61,
    "처럼/JKB": 59,
    "그렇/VA-I": 58,
    "그녀/NP": 58,
    "말/NNG": 57,
    "그것/NP": 57,
    "위/NNG": 54,
    "모르/VV": 53,
    "ᆫ/JX": 52,
    "소리/NNG": 52,
    "어야/EC": 51,
    "시작/NNG": 50,
    "만/JX": 50,
    "가/VV": 50,
    "눈/NNG": 50,
    "그리고/MAJ": 49,
    "적/XSN": 49,
    "안/NNG": 48,
    "에게/JKB": 48,
    "보이/VV": 48,
    "그러나/MAJ": 48,
    "곳/NNG": 47,
    "보/VX": 47,
    "보/VV": 47,
    "ᆫ가/EC": 46,
    "있/VV": 46,
    "저/NP": 46,
    "버스/NNG": 45,
    "이/JKC": 44,
    "듯/NNB": 44,
    "어디/NP": 42,
    "앞/NNG": 42,
    "마음/NNG": 42,
    "--/SO": 42,
    "다시/MAG": 41,
    "더/MAG": 40,
    "다른/MM": 40,
    "거/NNB": 40,
    "때/NNG": 39,
    "자신/NNG": 39,
    "'/SSO": 39,
    "'/SSC": 39,
    "와/JC": 39,
    "!/SF": 39,
    "같/VA": 39,
    "싶/VX": 39,