{
  "metadata": {
    "author": "이효석",
    "total_works": 3,
    "works": [
      {
        "title": "돈",
        "year": "1933",
        "file_name": "1933_돈_이효석_tagged.txt"
      },
      {
        "title": "메밀꽃 필 무렵",
        "year": "1936",
        "file_name": "1936_메밀꽃 필 무렵_이효석_tagged.txt"
      },
      {
        "title": "산",
        "year": "1936",
        "file_name": "1936_산_이효석_tagged.txt"
      }
    ]
  },
  "sentence_statistics": {
    "total_sentence_count": 552,
    "sentence_char_stats": {
      "mean": 23.791666666666668,
      "std": 14.714495568347488,
      "median": 21.5,
      "min": 1,
      "max": 110
    },
    "sentence_word_stats": {
      "mean": 8.164855072463768,
      "std": 5.102570783652532,
      "median": 7.0,
      "min": 1,
      "max": 42
    },
    "sentence_morpheme_stats": {
      "mean": 19.797020484171323,
      "std": 11.110153997525975,
      "median": 18.0,
      "min": 3,
      "max": 85
    },
    "word_char_stats": {
      "mean": 2.9184444444444444,
      "std": 1.1404744734939742,
      "median": 3.0,
      "min": 1,
      "max": 10
    }
  },
  "sentence_ending_statistics": {
    "noun_style_count": 14,
    "copula_style_count": 107,
    "verb_style_count": 358,
    "other_style_count": 58,
    "noun_style_ratio": 0.0260707635009311,
    "copula_style_ratio": 0.19925512104283055,
    "verb_style_ratio": 0.6666666666666666,
    "other_style_ratio": 0.10800744878957169
  },
  "lexical_statistics": {
    "total_morpheme_count": 10631,
    "average_ttr": 0.29020835190580035,
    "average_noun_ttr": 0.4804286462577115,
    "average_verb_ttr": 0.5233353894964476
  },
  "pos_frequencies": {
    "nouns_freq": 2742,
    "verbs_freq": 1255,
    "adjectives_freq": 202,
    "modifiers_freq": 529,
    "particles_freq": 1804,
    "endings_freq": 2452,
    "nng_freq": 2202,
    "nnb_freq": 305,
    "vv_freq": 1080,
    "vx_verb_freq": 175,
    "va_freq": 202,
    "vx_adj_freq": 0,
    "etm_freq": 602,
    "etn_freq": 46
  },
  "pos_ratios": {
    "nouns_ratio": 0.25792493650644344,
    "verbs_ratio": 0.11805098297432039,
    "adjectives_ratio": 0.01900103470981093,
    "modifiers_ratio": 0.049760135452920705,
    "particles_ratio": 0.1696924089925689,
    "endings_ratio": 0.2306462233091901,
    "nng_ratio": 0.2071300912425924,
    "nnb_ratio": 0.028689681121249175,
    "vv_ratio": 0.101589690527702,
    "vx_verb_ratio": 0.01646129244661838,
    "va_ratio": 0.01900103470981093,
    "vx_adj_ratio": 0.0,
    "etm_ratio": 0.05662684601636723,
    "etn_ratio": 0.004326968300253974
  },
  "specialized_statistics": {
    "ending_morphemes": {
      "다/EF": 324,
      "ᆫ다/EF": 40,
      "지/EF": 26,
      "어/EF": 13,
      "야/EF": 11,
      "을까/EF": 9,
      "네/EF": 9,
      "죠/EF": 6,
      "는다/EF": 5,
      "어요/EF": 5,
      "ᆯ까/EF": 4,
      "군/EF": 3,
      "구/EF": 3,
      "ᆫ가/EF": 3,
      "렷다/EF": 3,
      "오/EF": 2,
      "ᆯ걸/EF": 2,
      "을걸/EF": 2,
      "세나/EF": 2,
      "우/EF": 2,
      "어야지/EF": 2,
      "예요/EF": 2,
      "던가/EF": 2,
      "는데/EF": 1,
      "는데요/EF": 1,
      "을지/EF": 1,
      "니/EF": 1,
      "요/EF": 1,
      "거든/EF": 1,
      "더니/EF": 1,
      "ᆷ세/EF": 1,
      "누나/EF": 1,
      "에요/EF": 1,
      "어야죠/EF": 1,
      "세/EF": 1,
      "ᆫ걸/EF": 1,
      "면/EF": 1,
      "게/EF": 1,
      "ᆫ가요/EF": 1,
      "ᆫ데요/EF": 1,
      "ᆫ걸요/EF": 1,
      "로군/EF": 1,
      "나요/EF": 1,
      "으니까/EF": 1,
      "ᆯ세/EF": 1,
      "다네/EF": 1,
      "은가/EF": 1
    },
    "punctuations": {
      "./SF": 506,
      ",/SP": 100,
      "“/SSO": 78,
      "”/SSC": 78,
      "―/SS": 17,
      "?/SF": 17,
      "……/SE": 10,
      "??./SF": 4,
      "!/SF": 4,
      "《/SSO": 3,
      "》/SSC": 3,
      "??/SF": 3,
      "(/SSO": 2,
      "種苗場/SH": 2,
      ")/SSC": 2,
      "'/SSO": 2,
      "'/SSC": 2,
      "????/SF": 2,
      "../SF": 1,
      "------/SO": 1
    },
    "etm_detail_freq": {
      "ᆫ/ETM": 215,
      "는/ETM": 130,
      "은/ETM": 95,
      "ᆯ/ETM": 89,
      "을/ETM": 28,
      "던/ETM": 24,
      "단/ETM": 6,
      "란/ETM": 5,
      "라는/ETM": 3,
      "자는/ETM": 3,
      "운/ETM": 1,
      "려는/ETM": 1,
      "ᆫ다는/ETM": 1,
      "다는/ETM": 1
    },
    "etn_detail_freq": {
      "기/ETN": 40,
      "ᆷ/ETN": 4,
      "음/ETN": 2
    }
  },
  "top_morphemes_mfw": {
    "./SF": 506,
    "었/EP": 366,
    "다/EF": 324,
    "에/JKB": 243,
    "을/JKO": 231,
    "ᆫ/ETM": 215,
    "이/VCP": 206,
    "어/EC": 198,
    "이/JKS": 194,
    "고/EC": 185,
    "는/JX": 158,
    "의/JKG": 144,
    "는/ETM": 130,
    "도/JX": 124,
    "은/JX": 117,
    "하/XSA": 107,
    "를/JKO": 105,
    "가/JKS": 103,
    ",/SP": 100,
    "은/ETM": 95,
    "ᆯ/ETM": 89,
    "하/XSV": 88,
    "“/SSO": 78,
    "”/SSC": 78,
    "것/NNB": 75,
    "게/EC": 74,
    "지/EC": 58,
    "하/VV": 58,
    "없/VA": 57,
    "에서/JKB": 52,
    "않/VX": 45,
    "어서/EC": 45,
    "ᆫ다/EF": 40,
    "기/ETN": 40,
    "들/XSN": 39,
    "로/JKB": 37,
    "한/MM": 37,
    "으로/JKB": 36,
    "때/NNG": 36,
    "되/VV": 36,
    "수/NNB": 36,
    "으나/EC": 36,
    "산/NNG": 32,
    "가/VV": 31,
    "나무/NNG": 30,
    "속/NNG": 30,
    "있/VV": 30,
    "생각/NNG": 29,
    "돼지/NNG": 28,
    "을/ETM": 28,
    "장/NNG": 26,
    "그/MM": 26,
    "지/EF": 26,
    "며/EC": 25,
    "생원/NNG": 25,
    "던/ETM": 24,
    "식이/NNG": 24,
    "면/EC": 23,
    "사람/NNG": 22,
    "만/JX": 22,
    "보/VV": 21,
    "까지/JX": 21,
    "같이/JKB": 21,
    "지/VX": 20,
    "나/EC": 20,
    "짐승/NNG": 20,
    "과/JC": 20,
    "허/NNP": 20,
    "같/VA": 19,
    "오/VV": 19,
    "말/NNG": 19,
    "하/VX": 19,
    "소리/NNG": 18,
    "겠/EP": 18,
    "몸/NNG": 18,
    "―/SS": 17,
    "니/EC": 17,
    "?/SF": 17,
    "있/VX": 16,
    "일/NNG": 16,
    "보다/JKB": 16,
    "보/VX": 16,
    "나귀/NNG": 16,
    "있/VA": 15,
    "스럽/XSA-I": 15,
    "나/NP": 15,
    "꼴/NNG": 15,
    "면서/EC": 14,
    "눈/NNG": 14,
    "달/NNG": 14,
    "그/NP": 14,
    "에게/JKB": 14,
    "실/NNG": 14,
    "들/VV": 14,
    "다고/EC": 14,
    "밤/NNG": 14,
    "집/NNG": 14,
    "하늘/NNG": 13,
    "치/VV": 13,
    "뒤/NNG": 13,
    "러/EC": 13,
    "물/NNG": 13,
    "시작/NNG": 13,
    "마음/NNG": 13,
    "어/EF": 13,
    "부터/JX": 13,
    "계집/NNG": 13,
    "없이/MAG": 13,
    "위/NNG": 12,
    "말뚝/NNG": 12,
    "앞/NNG": 12,
    "어도/EC": 12,
    "와/JC": 12,
    "이나/JX": 12,
    "다/MAG": 12,
    "길/NNG": 12,
    "곳/NNG": 12,
    "불/NNG": 12,
    "번/NNB": 11,
    "안/MAG": 11,
    "얼굴/NNG": 11,
    "서/VV": 11,
    "라고/EC": 11,
    "어야/EC": 11,
    "야/EF": 11,
    "동이/NNP": 11,
    "그것/NP": 11,
    "라/EC": 11,
    "중/NNB": 11,
    "으면/EC": 10,
    "듯/NNB": 10,
    "나/VV": 10,
    "사/VV": 10,
    "ᆫ지/EC": 10,
    "나/JX": 10,
    "선달/NNG": 10,
    "……/SE": 10,
    "그렇/VA-I": 10,
    "돈/NNG": 9,
    "종묘/NNG": 9,
    "돌/VV": 9,
    "밑/NNG": 9,
    "전/NNG": 9,
    "이/MM": 9,
    "못/MAG": 9,
    "더/MAG": 9,
    "분이/NNP": 9,
    "ᆫ/JX": 9,
    "동안/NNG": 9,
    "잘/MAG": 9,
    "마을/NNG": 9,
    "리/NNB": 9,
    "버리/VX": 9,
    "두/MM": 9,
    "듯이/NNB": 9,
    "등/NNB": 9,
    "들어가/VV": 9,
    "을까/EF": 9,
    "타/VV": 9,
    "살/VV": 9,
    "구/EC": 9,
    "조/NNP": 9,
    "네/EF": 9,
    "봉평/NNP": 9,
    "걷/VV-I": 9,
    "녀석/NNB": 9,
    "적/NNB": 9,
    "동이/NNG": 9,
    "성/NNG": 8,
    "내/VV": 8,
    "나오/VV": 8,
    "와/JKB": 8,
    "같이/MAG": 8,
    "어디/NP": 8,
    "받/VV-R": 8,
    "그립/VA-I": 8,
    "꿀/NNG": 8,
    "그러나/MAJ": 8,
    "모르/VV": 8,
    "싶/VX": 8,
    "데/NNB": 8,
    "좋/VA": 8,
    "벌써/MAG": 8,
    "날/NNG": 8,
    "과/JKB": 8,
    "이/JKC": 8,
    "젖/VV": 8,
    "아이/NNG": 8,
    "아니/VCN": 8,
    "얻/VV-R": 8,
    "입/NNG": 7,
    "울리/VV": 7,
    "달아나/VV": 7,
    "흐르/VV": 7,
    "하나/NR": 7,
    "해/NNG": 7,
    "이/NNG": 7,
    "보이/VV": 7,
    "멀/VA": 7,
    "팔/VV": 7,
    "가/JKC": 7,
    "듣/VV-I": 7,
    "알/VV": 7,
    "두/JX": 7,
    "개/NNG": 7,
    "이야기/NNG": 7,
    "향기/NNG": 7,
    "골짜기/NNG": 7,
    "중/NNG": 7,
    "우리/NP": 6,
    "귀/NNG": 6,
    "안/NNG": 6,
    "암퇘지/NNG": 6,
    "맞/VV": 6,
    "전신/NNG": 6,
    "거리/VV": 6,
    "다시/MAG": 6,
    "힘/NNG": 6,
    "농부/NNG": 6,
    "그만/MAG": 6,
    "ᆯ/JKO": 6,
    "배/NNG": 6,