{
  "metadata": {
    "author": "전상국",
    "total_works": 2,
    "works": [
      {
        "title": "동행(同行)",
        "year": "1963",
        "file_name": "1963_동행(同行)_전상국_tagged.txt"
      },
      {
        "title": "우상(偶像)의 눈물",
        "year": "1980",
        "file_name": "1980_우상(偶像)의 눈물_전상국_tagged.txt"
      }
    ]
  },
  "sentence_statistics": {
    "total_sentence_count": 1540,
    "sentence_char_stats": {
      "mean": 22.84220779220779,
      "std": 17.0096354758636,
      "median": 19.0,
      "min": 1,
      "max": 137
    },
    "sentence_word_stats": {
      "mean": 8.007792207792209,
      "std": 5.897716182100882,
      "median": 7.0,
      "min": 1,
      "max": 46
    },
    "sentence_morpheme_stats": {
      "mean": 18.99933510638298,
      "std": 12.861966635321725,
      "median": 16.0,
      "min": 2,
      "max": 97
    },
    "word_char_stats": {
      "mean": 2.852728894655746,
      "std": 1.1162484114173672,
      "median": 3.0,
      "min": 1,
      "max": 9
    }
  },
  "sentence_ending_statistics": {
    "noun_style_count": 30,
    "copula_style_count": 355,
    "verb_style_count": 883,
    "other_style_count": 236,
    "noun_style_ratio": 0.0199468085106383,
    "copula_style_ratio": 0.2360372340425532,
    "verb_style_ratio": 0.5871010638297872,
    "other_style_ratio": 0.15691489361702127
  },
  "lexical_statistics": {
    "total_morpheme_count": 28575,
    "average_ttr": 0.16006691398127854,
    "average_noun_ttr": 0.31419878620347835,
    "average_verb_ttr": 0.2642424689572743
  },
  "pos_frequencies": {
    "nouns_freq": 7006,
    "verbs_freq": 3283,
    "adjectives_freq": 401,
    "modifiers_freq": 1533,
    "particles_freq": 4652,
    "endings_freq": 6781,
    "nng_freq": 4734,
    "nnb_freq": 790,
    "vv_freq": 2334,
    "vx_verb_freq": 949,
    "va_freq": 401,
    "vx_adj_freq": 0,
    "etm_freq": 1657,
    "etn_freq": 183
  },
  "pos_ratios": {
    "nouns_ratio": 0.24517935258092738,
    "verbs_ratio": 0.11489063867016623,
    "adjectives_ratio": 0.014033245844269467,
    "modifiers_ratio": 0.053648293963254594,
    "particles_ratio": 0.16279965004374453,
    "endings_ratio": 0.2373053368328959,
    "nng_ratio": 0.16566929133858269,
    "nnb_ratio": 0.02764654418197725,
    "vv_ratio": 0.08167979002624672,
    "vx_verb_ratio": 0.03321084864391951,
    "va_ratio": 0.014033245844269467,
    "vx_adj_ratio": 0.0,
    "etm_ratio": 0.05798775153105862,
    "etn_ratio": 0.006404199475065617
  },
  "specialized_statistics": {
    "ending_morphemes": {
      "다/EF": 1001,
      "어/EF": 53,
      "ᆫ다/EF": 34,
      "ᆸ니다/EF": 28,
      "야/EF": 26,
      "냐/EF": 25,
      "지/EF": 24,
      "읍니다/EF": 20,
      "어요/EF": 12,
      "어라/EF": 12,
      "ᆯ까/EF": 8,
      "구나/EF": 8,
      "ᆫ가/EF": 8,
      "을까/EF": 7,
      "ᆸ니까/EF": 7,
      "리라/EF": 5,
      "자/EF": 5,
      "라/EF": 5,
      "지요/EF": 5,
      "으리라/EF": 4,
      "잖아/EF": 4,
      "예요/EF": 4,
      "오/EF": 4,
      "는다/EF": 4,
      "거든/EF": 4,
      "니까/EF": 3,
      "ᆫ데/EF": 3,
      "습니다/EF": 3,
      "에요/EF": 3,
      "더군요/EF": 3,
      "세요/EF": 3,
      "라고/EF": 3,
      "니/EF": 3,
      "죠/EF": 2,
      "구/EF": 2,
      "는데/EF": 2,
      "랴/EF": 2,
      "더라/EF": 2,
      "더구나/EF": 2,
      "읍니까/EF": 2,
      "던데요/EF": 2,
      "습니까/EF": 2,
      "나요/EF": 2,
      "래요/EF": 2,
      "라구/EF": 2,
      "던가요/EF": 1,
      "고/EF": 1,
      "ᆫ가요/EF": 1,
      "답니다/EF": 1,
      "요/EF": 1,
      "ᆫ다니까요/EF": 1,
      "라니까/EF": 1,
      "든지/EF": 1,
      "느냐/EF": 1,
      "으니까/EF": 1,
      "능가/EF": 1,
      "여/EF": 1,
      "구마/EF": 1,
      "지라우/EF": 1,
      "디여/EF": 1,
      "래여/EF": 1,
      "ᆷ/EF": 1,
      "드라고/EF": 1,
      "을래/EF": 1,
      "던가/EF": 1,
      "으려나/EF": 1,
      "라구요/EF": 1,
      "ᆫ답니다/EF": 1,
      "군요/EF": 1,
      "라니/EF": 1,
      "랍니다/EF": 1,
      "는걸요/EF": 1,
      "다구요/EF": 1,
      "는데요/EF": 1,
      "잖아요/EF": 1,
      "는가/EF": 1,
      "ᆯ래/EF": 1,
      "군/EF": 1,
      "래/EF": 1,
      "우/EF": 1,
      "더래/EF": 1,
      "더라고/EF": 1,
      "ᆯ까요/EF": 1,
      "다니/EF": 1,
      "ᆫ댄다/EF": 1,
      "ᆸ시다/EF": 1,
      "ᆫ다며/EF": 1,
      "대/EF": 1,
      "누/EF": 1,
      "ᆸ시오/EF": 1
    },
    "punctuations": {
      "./SF": 1311,
      "”/SSC": 240,
      "“/SSO": 239,
      ",/SP": 197,
      "?/SF": 77,
      "……/SE": 57,
      "1/SN": 13,
      "!/SF": 12,
      "M/SL": 10,
      "--/SO": 9,
      "</SSO": 8,
      ">/SSC": 8,
      "2/SN": 8,
      "(/SSO": 7,
      ")/SSC": 7,
      "3/SN": 7,
      "S/SL": 6,
      "K/SL": 5,
      "TV/SL": 3,
      "66/SN": 3,
      "13/SN": 3,
      "5/SN": 3,
      "《/SSO": 2,
      "》/SSC": 2,
      "H/SL": 2,
      "Y/SL": 2,
      "---/SO": 2,
      "4/SN": 2,
      "同行/SH": 1,
      "]/SSC": 1,
      "驛舍/SH": 1,
      "祭祀/SH": 1,
      "偶像/SH": 1,
      "再修派/SH": 1,
      "14/SN": 1,
      "35/SN": 1,
      "支配/SH": 1,
      "20/SN": 1,
      "30/SN": 1,
      "○/SW": 1,
      "×/SL": 1,
      "90/SN": 1,
      "‘/SSO": 1,
      "’/SSC": 1
    },
    "etm_detail_freq": {
      "ᆫ/ETM": 592,
      "는/ETM": 381,
      "은/ETM": 200,
      "ᆯ/ETM": 188,
      "던/ETM": 97,
      "을/ETM": 87,
      "다는/ETM": 45,
      "ᆫ다는/ETM": 18,
      "라는/ETM": 18,
      "란/ETM": 9,
      "려는/ETM": 4,
      "단/ETM": 4,
      "자는/ETM": 3,
      "리라는/ETM": 2,
      "냐는/ETM": 2,
      "느냐는/ETM": 1,
      "노라는/ETM": 1,
      "으리란/ETM": 1,
      "으려는/ETM": 1,
      "ᆫ단/ETM": 1,
      "냔/ETM": 1,
      "더란/ETM": 1
    },
    "etn_detail_freq": {
      "기/ETN": 132,
      "ᆷ/ETN": 39,
      "음/ETN": 12
    }
  },
  "top_morphemes_mfw": {
    "./SF": 1311,
    "었/EP": 1178,
    "다/EF": 1001,
    "어/EC": 697,
    "이/VCP": 595,
    "ᆫ/ETM": 592,
    "을/JKO": 585,
    "는/JX": 472,
    "고/EC": 449,
    "의/JKG": 430,
    "이/JKS": 426,
    "에/JKB": 419,
    "하/XSV": 415,
    "를/JKO": 401,
    "는/ETM": 381,
    "가/JKS": 380,
    "나/NP": 323,
    "하/XSA": 323,
    "있/VX": 304,
    "들/XSN": 277,
    "것/NNB": 249,
    "”/SSC": 240,
    "“/SSO": 239,
    "은/JX": 232,
    "게/EC": 224,
    "도/JX": 217,
    "너/NP": 211,
    "은/ETM": 200,
    ",/SP": 197,
    "ᆯ/ETM": 188,
    "우리/NP": 187,
    "하/VV": 163,
    "지/EC": 154,
    "으로/JKB": 148,
    "기표/NNP": 142,
    "그/MM": 141,
    "기/ETN": 132,
    "에서/JKB": 130,
    "말/NNG": 122,
    "않/VX": 118,
    "하/VX": 112,
    "로/JKB": 109,
    "던/ETM": 97,
    "그/NP": 93,
    "ᆫ/JX": 90,
    "어서/EC": 88,
    "을/ETM": 87,
    "선생/NNG": 85,
    "담임/NNG": 79,
    "?/SF": 77,
    "없/VA": 74,
    "그렇/VA-I": 74,
    "거/NNB": 72,
    "일/NNG": 71,
    "아이/NNG": 71,
    "주/VX": 70,
    "한/MM": 68,
    "수/NNB": 66,
    "며/EC": 66,
    "형우/NNP": 64,
    "모르/VV": 63,
    "지/VX": 62,
    "처럼/JKB": 62,
    "되/VV": 60,
    "……/SE": 57,
    "에게/JKB": 55,
    "사람/NNG": 53,
    "어/EF": 53,
    "생각/NNG": 53,
    "때/NNG": 52,
    "만/JX": 50,
    "같/VA": 49,
    "그것/NP": 48,
    "보이/VV": 47,
    "속/NNG": 47,
    "알/VV": 47,
    "반/NNG": 46,
    "그런/MM": 46,
    "다는/ETM": 45,
    "있/VV": 45,
    "아니/VCN": 44,
    "얼굴/NNG": 44,
    "님/XSN": 42,
    "어야/EC": 41,
    "때문/NNB": 41,
    "이/MM": 41,
    "있/VA": 40,
    "대하/VV": 40,
    "버리/VX": 40,
    "얘기/NNG": 40,
    "ᆷ/ETN": 39,
    "과/JC": 37,
    "다고/EC": 36,
    "싶/VX": 36,
    "겠/EP": 36,
    "ᆫ가/EC": 35,
    "위하/VV": 35,
    "집/NNG": 34,
    "적/XSN": 34,
    "ᆯ/JKO": 34,
    "ᆫ다/EF": 34,
    "보/VX": 34,
    "가/VV": 33,
    "보/VV": 33,
    "오/VV": 32,
    "오/VX": 32,
    "받/VV-R": 32,
    "듯/NNB": 32,
    "애/NNG": 32,
    "면/EC": 31,
    "까지/JX": 31,
    "지만/EC": 31,
    "반장/NNG": 31,
    "시작/NNG": 30,
    "사실/NNG": 30,
    "채/NNB": 30,
    "시간/NNG": 30,
    "학교/NNG": 30,
    "와/JC": 29,
    "그러나/MAJ": 28,
    "ᆸ니다/EF": 28,
    "되/XSV": 27,
    "앉/VV": 27,
    "하나/NR": 27,
    "그리고/MAJ": 26,
    "번/NNB": 26,
    "눈/NNG": 26,
    "야/EF": 26,
    "라고/EC": 26,
    "듯/EC": 26,
    "나오/VV": 25,
    "어떤/MM": 25,
    "냐/EF": 25,
    "이/JKC": 25,
    "한테/JKB": 25,
    "누구/NP": 24,
    "지/EF": 24,
    "놈/NNB": 24,
    "더/MAG": 23,
    "말/VX": 23,