{
  "metadata": {
    "author": "조선작",
    "total_works": 2,
    "works": [
      {
        "title": "영자의 전성시대",
        "year": "1973",
        "file_name": "1973_영자의 전성시대_조선작_tagged.txt"
      },
      {
        "title": "고압선(高壓線)",
        "year": "1974",
        "file_name": "1974_고압선(高壓線)_조선작_tagged.txt"
      }
    ]
  },
  "sentence_statistics": {
    "total_sentence_count": 1202,
    "sentence_char_stats": {
      "mean": 26.356073211314477,
      "std": 18.00114621663789,
      "median": 23.0,
      "min": 1,
      "max": 136
    },
    "sentence_word_stats": {
      "mean": 9.061564059900167,
      "std": 6.159651076211355,
      "median": 8.0,
      "min": 1,
      "max": 52
    },
    "sentence_morpheme_stats": {
      "mean": 21.560747663551403,
      "std": 13.469305126081556,
      "median": 19.0,
      "min": 2,
      "max": 104
    },
    "word_char_stats": {
      "mean": 2.9085567388909292,
      "std": 1.1638972718158485,
      "median": 3.0,
      "min": 1,
      "max": 9
    }
  },
  "sentence_ending_statistics": {
    "noun_style_count": 4,
    "copula_style_count": 274,
    "verb_style_count": 653,
    "other_style_count": 246,
    "noun_style_ratio": 0.0033984706881903144,
    "copula_style_ratio": 0.23279524214103653,
    "verb_style_ratio": 0.5548003398470688,
    "other_style_ratio": 0.20900594732370434
  },
  "lexical_statistics": {
    "total_morpheme_count": 25377,
    "average_ttr": 0.16488583510833266,
    "average_noun_ttr": 0.31262687145375545,
    "average_verb_ttr": 0.27920478690712414
  },
  "pos_frequencies": {
    "nouns_freq": 6271,
    "verbs_freq": 2838,
    "adjectives_freq": 363,
    "modifiers_freq": 1402,
    "particles_freq": 4126,
    "endings_freq": 6041,
    "nng_freq": 4328,
    "nnb_freq": 648,
    "vv_freq": 2198,
    "vx_verb_freq": 640,
    "va_freq": 363,
    "vx_adj_freq": 0,
    "etm_freq": 1330,
    "etn_freq": 123
  },
  "pos_ratios": {
    "nouns_ratio": 0.24711352799779326,
    "verbs_ratio": 0.11183355006501951,
    "adjectives_ratio": 0.014304291287386216,
    "modifiers_ratio": 0.05524687709343106,
    "particles_ratio": 0.1625881703905111,
    "endings_ratio": 0.23805020293966977,
    "nng_ratio": 0.17054813413721087,
    "nnb_ratio": 0.0255349332072349,
    "vv_ratio": 0.08661386294676282,
    "vx_verb_ratio": 0.02521968711825669,
    "va_ratio": 0.014304291287386216,
    "vx_adj_ratio": 0.0,
    "etm_ratio": 0.05240966229262718,
    "etn_ratio": 0.004846908618039957
  },
  "specialized_statistics": {
    "ending_morphemes": {
      "다/EF": 782,
      "어/EF": 72,
      "야/EF": 43,
      "어요/EF": 37,
      "지/EF": 16,
      "ᆫ다/EF": 11,
      "을까/EF": 8,
      "야요/EF": 7,
      "ᆸ니다/EF": 7,
      "ᆫ가/EF": 6,
      "게/EF": 6,
      "읍니까/EF": 6,
      "우/EF": 5,
      "네/EF": 5,
      "라구/EF": 5,
      "는가/EF": 5,
      "어라/EF": 5,
      "잖아/EF": 5,
      "ᆸ시다/EF": 5,
      "죠/EF": 4,
      "예요/EF": 4,
      "ᆯ까/EF": 4,
      "거든/EF": 4,
      "요/EF": 4,
      "니/EF": 3,
      "ᆯ께요/EF": 3,
      "ᆫ데/EF": 3,
      "구려/EF": 3,
      "자/EF": 3,
      "어야지/EF": 3,
      "는데/EF": 3,
      "오/EF": 3,
      "은가/EF": 3,
      "으니까/EF": 2,
      "구/EF": 2,
      "라구요/EF": 2,
      "지요/EF": 2,
      "잖아요/EF": 2,
      "구나/EF": 2,
      "던가/EF": 2,
      "더군요/EF": 2,
      "ᆸ쇼/EF": 2,
      "데/EF": 2,
      "랴/EF": 2,
      "읍니다/EF": 2,
      "ᆸ니까/EF": 2,
      "ᆯ까요/EF": 2,
      "읍시다/EF": 1,
      "ᆯ려구/EF": 1,
      "더라/EF": 1,
      "는구먼/EF": 1,
      "유/EF": 1,
      "ᆸ디까/EF": 1,
      "ᆯ래/EF": 1,
      "던데요/EF": 1,
      "다면서요/EF": 1,
      "는다/EF": 1,
      "세요/EF": 1,
      "으세요/EF": 1,
      "에요/EF": 1,
      "는지/EF": 1,
      "더라니까요/EF": 1,
      "고/EF": 1,
      "군/EF": 1,
      "ᆷ/EF": 1,
      "니까/EF": 1,
      "더라니까/EF": 1,
      "는걸요/EF": 1,
      "더군/EF": 1,
      "답니다/EF": 1,
      "리다/EF": 1,
      "습니까/EF": 1,
      "쇼/EF": 1,
      "래요/EF": 1,
      "대요/EF": 1,
      "네요/EF": 1,
      "구요/EF": 1,
      "ᆸ디다/EF": 1,
      "여/EF": 1,
      "소이다/EF": 1,
      "대/EF": 1,
      "리라/EF": 1,
      "ᆫ대/EF": 1,
      "냐/EF": 1,
      "거든요/EF": 1
    },
    "punctuations": {
      "./SF": 1031,
      ",/SP": 289,
      "“/SSO": 222,
      "”/SSC": 222,
      "?/SF": 103,
      "??????/SF": 16,
      "……/SE": 13,
      "(/SSO": 8,
      ")/SSC": 8,
      "</SSO": 3,
      ">/SSC": 3,
      "《/SSO": 2,
      "》/SSC": 2,
      "2/SN": 1,
      "??????./SF": 1,
      "動哨/SH": 1,
      "前列/SH": 1,
      "高壓線/SH": 1
    },
    "etm_detail_freq": {
      "ᆫ/ETM": 498,
      "는/ETM": 297,
      "ᆯ/ETM": 188,
      "은/ETM": 112,
      "던/ETM": 87,
      "을/ETM": 56,
      "다는/ETM": 39,
      "라는/ETM": 11,
      "란/ETM": 9,
      "단/ETM": 9,
      "ᆫ다는/ETM": 8,
      "는다는/ETM": 3,
      "려는/ETM": 2,
      "랄/ETM": 2,
      "으려는/ETM": 1,
      "느냔/ETM": 1,
      "으란/ETM": 1,
      "다란/ETM": 1,
      "노라는/ETM": 1,
      "리라는/ETM": 1,
      "ᆫ단/ETM": 1,
      "느냐는/ETM": 1,
      "냐는/ETM": 1
    },
    "etn_detail_freq": {
      "기/ETN": 116,
      "음/ETN": 4,
      "다기/ETN": 1,
      "ᆷ/ETN": 1,
      "라기/ETN": 1
    }
  },
  "top_morphemes_mfw": {
    "었/EP": 1033,
    "./SF": 1031,
    "다/EF": 782,
    "어/EC": 579,
    "는/JX": 551,
    "이/VCP": 527,
    "ᆫ/ETM": 498,
    "을/JKO": 495,
    "나/NP": 466,
    "하/XSV": 414,
    "의/JKG": 373,
    "고/EC": 368,
    "에/JKB": 312,
    "를/JKO": 310,
    "가/JKS": 304,
    "는/ETM": 297,
    "이/JKS": 290,
    ",/SP": 289,
    "하/XSA": 275,
    "게/EC": 244,
    "은/JX": 241,
    "도/JX": 228,
    "“/SSO": 222,
    "”/SSC": 222,
    "말/NNG": 207,
    "ᆯ/ETM": 188,
    "하/VV": 186,
    "들/XSN": 185,
    "영자/NNP": 177,
    "것/NNB": 166,
    "으로/JKB": 151,
    "그/MM": 151,
    "어서/EC": 150,
    "있/VX": 147,
    "로/JKB": 141,
    "집/NNG": 122,
    "기/ETN": 116,
    "은/ETM": 112,
    "에서/JKB": 111,
    "지/EC": 108,
    "없/VA": 108,
    "?/SF": 103,
    "되/VV": 101,
    "수/NNB": 93,
    "며/EC": 93,
    "던/ETM": 87,
    "아내/NNG": 87,
    "하/VX": 78,
    "않/VX": 72,
    "겠/EP": 72,
    "어/EF": 72,
    "그러나/MAJ": 68,
    "에게/JKB": 68,
    "아니/VCN": 67,
    "일/NNG": 65,
    "한/MM": 65,
    "만/JX": 65,
    "주/VX": 61,
    "지만/EC": 57,
    "있/VV": 56,
    "을/ETM": 56,
    "우리/NP": 56,
    "까지/JX": 56,
    "계집/NNG": 54,
    "고압선/NNG": 54,
    "그것/NP": 52,
    "이렇/VA-I": 52,
    "그렇/VA-I": 51,
    "이/MM": 49,
    "복덕방/NNG": 48,
    "생각/NNG": 45,
    "때/NNG": 45,
    "사람/NNG": 45,
    "버리/VX": 45,
    "보/VX": 45,
    "있/VA": 45,
    "면/EC": 45,
    "야/EF": 43,
    "보/VV": 42,
    "ᆫ/JX": 42,
    "좀/MAG": 42,
    "면서/EC": 42,
    "이/JKC": 41,
    "가/VV": 41,
    "지/VX": 40,
    "다는/ETM": 39,
    "사내/NNG": 39,
    "라고/EC": 38,
    "사/VV": 37,
    "어요/EF": 37,
    "목소리/NNG": 37,
    "영감/NNG": 37,
    "스럽/XSA-I": 36,
    "처럼/JKB": 36,
    "거/NNB": 36,
    "또/MAG": 34,
    "시/EP": 34,
    "아이/NNG": 33,
    "하나/NR": 32,
    "마치/MAG": 32,
    "번/NNB": 31,
    "는데/EC": 30,
    "기/NNG": 30,
    "위/NNG": 30,
    "듯/NNB": 29,
    "어야/EC": 29,
    "방/NNG": 29,
    "오/VV": 29,
    "알/VV": 29,
    "못/MAG": 27,
    "없이/MAG": 27,
    "같/VA": 27,
    "손/NNG": 26,
    "ᆫ가/EC": 26,
    "그러/VV": 26,
    "명/NNB": 25,
    "녀석/NNB": 25,
    "적/XSN": 25,
    "좋/VA": 25,
    "목욕탕/NNG": 24,
    "다고/EC": 24,
    "시작/NNG": 24,
    "다시/MAG": 23,
    "그/NP": 23,
    "그리고/MAJ": 23,
    "ᆯ/JKO": 23,
    "과/JC": 23,
    "만나/VV": 22,
    "돈/NNG": 22,
    "팔뚝/NNG": 22,
    "어디/NP": 22,
    "모양/NNG": 22,
    "원/NNB": 22,
    "부터/JX": 21,
    "님/XSN": 21,
    "두/MM": 21,
    "다/EC": 21,
    "가지/VV": 21,
    "구경/NNG": 21,
    "속/NNG": 20,
    "들어가/VV": 20,
    "라도/EC": 20,
    "잡/VV-R": 20,
    "때문/NNB": 20,
    "누구/NP": 20,
    "그거/NP": 20,
    "춘자/NNP": 20,
    "과/JKB": 19,
    "이나/JX": 19,
    "놀/VV": 19,
    "와/JC": 19,
    "나오/VV": 19,
    "바로/MAG": 19,
    "밑/NNG": 19,
    "었었/EP": 18,
    "되/XSV": 18,
    "찾/VV": 18,
    "ᆫ다면/EC": 18,
    "가/JKC": 18,
    "창숙이/NNP": 18,
    "더/MAG": 18,
    "모르/VV": 18,
    "창녀/NNG": 18,
    "밤/NNG": 18,
    "말/VX": 18,
    "소리/NNG": 18,
    "왜/MAG": 18,
    "팔/NNG": 18,