{
  "metadata": {
    "author": "최서해",
    "total_works": 2,
    "works": [
      {
        "title": "탈출기",
        "year": "1925",
        "file_name": "1925_탈출기_최서해_tagged.txt"
      },
      {
        "title": "홍염(紅焰)",
        "year": "1927",
        "file_name": "1927_홍염(紅焰)_최서해_tagged.txt"
      }
    ]
  },
  "sentence_statistics": {
    "total_sentence_count": 777,
    "sentence_char_stats": {
      "mean": 21.534105534105535,
      "std": 18.667011839634043,
      "median": 17.0,
      "min": 0,
      "max": 156
    },
    "sentence_word_stats": {
      "mean": 7.662805662805662,
      "std": 6.395748978678657,
      "median": 6.0,
      "min": 1,
      "max": 53
    },
    "sentence_morpheme_stats": {
      "mean": 19.931884057971015,
      "std": 17.053360353574785,
      "median": 15.0,
      "min": 2,
      "max": 178
    },
    "word_char_stats": {
      "mean": 2.812573541771726,
      "std": 1.169312574824431,
      "median": 3.0,
      "min": 1,
      "max": 13
    }
  },
  "sentence_ending_statistics": {
    "noun_style_count": 43,
    "copula_style_count": 87,
    "verb_style_count": 449,
    "other_style_count": 111,
    "noun_style_ratio": 0.06231884057971015,
    "copula_style_ratio": 0.12608695652173912,
    "verb_style_ratio": 0.6507246376811594,
    "other_style_ratio": 0.1608695652173913
  },
  "lexical_statistics": {
    "total_morpheme_count": 13753,
    "average_ttr": 0.21034773163256135,
    "average_noun_ttr": 0.35382046206467227,
    "average_verb_ttr": 0.3663953538697915
  },
  "pos_frequencies": {
    "nouns_freq": 3523,
    "verbs_freq": 1582,
    "adjectives_freq": 207,
    "modifiers_freq": 750,
    "particles_freq": 2312,
    "endings_freq": 2902,
    "nng_freq": 2564,
    "nnb_freq": 308,
    "vv_freq": 1360,
    "vx_verb_freq": 222,
    "va_freq": 207,
    "vx_adj_freq": 0,
    "etm_freq": 672,
    "etn_freq": 31
  },
  "pos_ratios": {
    "nouns_ratio": 0.2561622918635934,
    "verbs_ratio": 0.11502944812041009,
    "adjectives_ratio": 0.015051261542936087,
    "modifiers_ratio": 0.05453355631498582,
    "particles_ratio": 0.1681087762669963,
    "endings_ratio": 0.21100850723478515,
    "nng_ratio": 0.18643205118883152,
    "nnb_ratio": 0.02239511379335418,
    "vv_ratio": 0.09888751545117429,
    "vx_verb_ratio": 0.016141932669235803,
    "va_ratio": 0.015051261542936087,
    "vx_adj_ratio": 0.0,
    "etm_ratio": 0.0488620664582273,
    "etn_ratio": 0.002254053661019414
  },
  "specialized_statistics": {
    "ending_morphemes": {
      "다/EF": 387,
      "ᆫ다/EF": 68,
      "는다/EF": 13,
      "야/EF": 13,
      "오/EF": 12,
      "어/EF": 10,
      "으랴/EF": 8,
      "지/EF": 7,
      "우/EF": 7,
      "자/EF": 5,
      "ᆯ까/EF": 5,
      "네/EF": 5,
      "어라/EF": 5,
      "구나/EF": 4,
      "누/EF": 4,
      "을까/EF": 4,
      "소/EF": 4,
      "라/EF": 3,
      "리라/EF": 3,
      "어요/EF": 3,
      "는가/EF": 3,
      "라구/EF": 3,
      "랴/EF": 2,
      "ᆯ는지/EF": 2,
      "로구나/EF": 2,
      "느냐/EF": 2,
      "나/EF": 2,
      "니/EF": 2,
      "구/EF": 2,
      "요/EF": 2,
      "구려/EF": 2,
      "지요/EF": 2,
      "재/EF": 2,
      "는구나/EF": 2,
      "녜/EF": 2,
      "ᆸ니다/EF": 1,
      "을는지/EF": 1,
      "거라/EF": 1,
      "외다/EF": 1,
      "노/EF": 1,
      "리/EF": 1,
      "누나/EF": 1,
      "죠/EF": 1,
      "는구려/EF": 1,
      "ᆸ쇼/EF": 1,
      "읍니다/EF": 1,
      "ᆫ가/EF": 1,
      "ᆯ걸/EF": 1,
      "냐/EF": 1,
      "라니/EF": 1,
      "로군/EF": 1,
      "ᆫ지/EF": 1
    },
    "punctuations": {
      "./SF": 496,
      "!/SF": 153,
      "“/SSO": 111,
      "”/SSC": 110,
      ",/SP": 106,
      "(/SSO": 86,
      ")/SSC": 85,
      "?/SF": 84,
      "……/SE": 72,
      "[/SSO": 12,
      "]/SSC": 12,
      "―/SS": 10,
      "~/SO": 10,
      "‘/SSO": 6,
      "’/SSC": 6,
      "...../SF": 5,
      "1/SN": 4,
      "…/SE": 4,
      "'/SSO": 3,
      "'/SSC": 3,
      "H/SL": 3,
      "胡人/SH": 3,
      "《/SSO": 2,
      "》/SSC": 2,
      "ｘｘ/SW": 2,
      "2/SN": 2,
      "3/SN": 2,
      "4/SN": 2,
      "5/SN": 2,
      "小作人/SH": 2,
      "-/SO": 2,
      "脫家/SH": 1,
      "棟梁/SH": 1,
      "ｘ/SW": 1,
      "情愛/SH": 1,
      "</SSO": 1,
      "理想村/SH": 1,
      "生靈/SH": 1,
      "支那人/SH": 1,
      "人間苦/SH": 1,
      "大口魚/SH": 1,
      "大豆/SH": 1,
      "蕭條/SH": 1,
      "鎌/SH": 1,
      "X/SL": 1,
      "6/SN": 1,
      "魔酒/SH": 1,
      "標毒/SH": 1,
      "法悅/SH": 1,
      "白河/SH": 1,
      "天風/SH": 1,
      "井/SH": 1,
      "堆肥舍/SH": 1,
      "公道/SH": 1,
      "韓官廳/SH": 1,
      "殷/SH": 1,
      "10/SN": 1,
      "=/SW": 1,
      "坪/SH": 1,
      "}/SSC": 1,
      "四石/SH": 1,
      "20/SN": 1,
      "斤/SH": 1,
      "八石/SH": 1,
      "三國風塵圖/SH": 1,
      "春夜桃李園圖/SH": 1,
      "餓鬼道/SH": 1,
      "百弔/SH": 1,
      "官帖/SH": 1,
      "竹葉/SH": 1,
      "人倫/SH": 1,
      "雜神/SH": 1,
      "人中/SH": 1,
      "火神/SH": 1,
      "妖鬼/SH": 1
    },
    "etm_detail_freq": {
      "ᆫ/ETM": 213,
      "는/ETM": 184,
      "은/ETM": 103,
      "ᆯ/ETM": 79,
      "던/ETM": 53,
      "을/ETM": 25,
      "다는/ETM": 4,
      "라는/ETM": 4,
      "려는/ETM": 2,
      "란/ETM": 2,
      "ᆫ다는/ETM": 1,
      "으라는/ETM": 1,
      "ᆫ단/ETM": 1
    },
    "etn_detail_freq": {
      "기/ETN": 24,
      "ᆷ/ETN": 6,
      "음/ETN": 1
    }
  },
  "top_morphemes_mfw": {
    "./SF": 496,
    "었/EP": 400,
    "다/EF": 387,
    "을/JKO": 311,
    "는/JX": 275,
    "에/JKB": 249,
    "의/JKG": 222,
    "고/EC": 215,
    "ᆫ/ETM": 213,
    "이/JKS": 204,
    "어/EC": 201,
    "를/JKO": 199,
    "은/JX": 196,
    "이/VCP": 190,
    "는/ETM": 184,
    "!/SF": 153,
    "나/NP": 153,
    "하/XSV": 133,
    "하/XSA": 125,
    "가/JKS": 118,
    "하/VV": 114,
    "“/SSO": 111,
    "”/SSC": 110,
    "도/JX": 109,
    "어서/EC": 108,
    ",/SP": 106,
    "은/ETM": 103,
    "서방/NNG": 101,
    "문/NNP": 96,
    "게/EC": 92,
    "(/SSO": 86,
    ")/SSC": 85,
    "?/SF": 84,
    "ᆯ/ETM": 79,
    "것/NNB": 78,
    "……/SE": 72,
    "지/EC": 71,
    "면서/EC": 70,
    "아내/NNG": 69,
    "ᆫ다/EF": 68,
    "없/VA": 60,
    "그/MM": 54,
    "않/VX": 53,
    "던/ETM": 53,
    "으로/JKB": 50,
    "에서/JKB": 50,
    "사람/NNG": 49,
    "인가/NNG": 48,
    "들/XSN": 47,
    "되/VV": 47,
    "로/JKB": 44,
    "이/MM": 44,
    "면/EC": 43,
    "집/NNG": 42,
    "수/NNB": 38,
    "때/NNG": 38,
    "우리/NP": 38,
    "눈/NNG": 37,
    "보/VV": 35,
    "소리/NNG": 35,
    "하/VX": 34,
    "한/MM": 33,
    "말/NNG": 33,
    "에게/JKB": 33,
    "바람/NNG": 33,
    "그/NP": 31,
    "소/EC": 30,
    "있/VV": 29,
    "못/MAG": 27,
    "오/VV": 27,
    "군/NNB": 26,
    "만/JX": 26,
    "을/ETM": 25,
    "어머니/NNG": 25,
    "울/VV": 25,
    "가/VV": 25,
    "그러나/MAJ": 24,
    "기/ETN": 24,
    "앞/NNG": 24,
    "가슴/NNG": 23,
    "같/VA": 22,
    "죽/VV": 22,
    "두/MM": 22,
    "속/NNG": 22,
    "생각/NNG": 21,
    "주/VX": 21,
    "까지/JX": 21,
    "놈/NNB": 21,
    "받/VV-R": 20,
    "와/JC": 20,
    "그것/NP": 20,
    "과/JC": 20,
    "다가/EC": 20,
    "응/IC": 20,
    "이것/NP": 19,
    "먹/VV": 19,
    "손/NNG": 19,
    "치/VV": 19,
    "개/NNG": 19,
    "용례/NNG": 19,
    "니/EC": 18,
    "용녜/NNG": 18,
    "일/NNG": 17,
    "겠/EP": 17,
    "이나/JX": 17,
    "가/VX": 17,
    "문/NNG": 17,
    "어디/NP": 16,
    "서/VV": 16,
    "으나/EC": 16,
    "처럼/JKB": 16,
    "또/MAG": 16,
    "이렇/VA-I": 15,
    "없이/MAG": 15,
    "들/VV": 15,
    "앉/VV": 15,
    "김/NNP": 14,
    "군/NNG": 14,
    "땅/NNG": 14,
    "놓/VX": 14,
    "주/VV": 14,
    "이때/NNG": 14,
    "시/EP": 14,
    "머리/NNG": 14,
    "자기/NP": 14,
    "듯/NNB": 13,
    "듣/VV-I": 13,
    "아니/VCN": 13,
    "지/VX": 13,
    "있/VX": 13,
    "는다/EF": 13,
    "려고/EC": 13,
    "더니/EC": 13,
    "산/NNG": 13,
    "관청/NNG": 13,
    "야/EF": 13,
    "그림자/NNG": 13,
    "나무/NNG": 12,
    "눈물/NNG": 12,
    "밖/NNG": 12,
    "안/MAG": 12,
    "어떤/MM": 12,
    "[/SSO": 12,
    "]/SSC": 12,
    "오/EF": 12,
    "보이/VV": 12,
    "딸/NNG": 12,
    "디/NNG": 12,
    "불/NNG": 12,
    "번/NNB": 11,
    "어도/EC": 11,
    "알/VV": 11,
    "으면/EC": 11,
    "부터/JX": 11,
    "밭/NNG": 11,
    "에구/IC": 11,
    "무엇/NP": 11,
    "뒤/NNG": 11,
    "저/NP": 11,
    "그러/VV": 11,
    "저/MM": 11,
    "울타리/NNG": 11,