{
  "metadata": {
    "author": "최인석",
    "total_works": 3,
    "works": [
      {
        "title": "내 사랑 나의 귀신",
        "year": "1999",
        "file_name": "1999_내 사랑 나의 귀신_최인석_tagged.txt"
      },
      {
        "title": "내 사랑 나의 암놈",
        "year": "1999",
        "file_name": "1999_내 사랑 나의 암놈_최인석_tagged.txt"
      },
      {
        "title": "염소 할매",
        "year": "1999",
        "file_name": "1999_염소 할매_최인석_tagged.txt"
      }
    ]
  },
  "sentence_statistics": {
    "total_sentence_count": 5089,
    "sentence_char_stats": {
      "mean": 28.563961485557083,
      "std": 30.537406491582708,
      "median": 20.0,
      "min": 0,
      "max": 682
    },
    "sentence_word_stats": {
      "mean": 9.930634702299077,
      "std": 10.474688672246522,
      "median": 7.0,
      "min": 1,
      "max": 241
    },
    "sentence_morpheme_stats": {
      "mean": 23.165831161018648,
      "std": 23.15336206213682,
      "median": 17.0,
      "min": 2,
      "max": 522
    },
    "word_char_stats": {
      "mean": 2.8766326288292565,
      "std": 1.15395416866772,
      "median": 3.0,
      "min": 1,
      "max": 18
    }
  },
  "sentence_ending_statistics": {
    "noun_style_count": 122,
    "copula_style_count": 993,
    "verb_style_count": 3019,
    "other_style_count": 853,
    "noun_style_ratio": 0.024463605373972328,
    "copula_style_ratio": 0.1991177060356928,
    "verb_style_ratio": 0.6053739723280529,
    "other_style_ratio": 0.17104471626228193
  },
  "lexical_statistics": {
    "total_morpheme_count": 115528,
    "average_ttr": 0.103034483166532,
    "average_noun_ttr": 0.2038448573593645,
    "average_verb_ttr": 0.17061951482716206
  },
  "pos_frequencies": {
    "nouns_freq": 30167,
    "verbs_freq": 13175,
    "adjectives_freq": 1794,
    "modifiers_freq": 5724,
    "particles_freq": 20417,
    "endings_freq": 26056,
    "nng_freq": 21487,
    "nnb_freq": 3035,
    "vv_freq": 10738,
    "vx_verb_freq": 2437,
    "va_freq": 1794,
    "vx_adj_freq": 0,
    "etm_freq": 5805,
    "etn_freq": 478
  },
  "pos_ratios": {
    "nouns_ratio": 0.2611228446783464,
    "verbs_ratio": 0.11404161761650855,
    "adjectives_ratio": 0.015528702998407312,
    "modifiers_ratio": 0.04954643030261062,
    "particles_ratio": 0.1767277196870023,
    "endings_ratio": 0.2255383976178935,
    "nng_ratio": 0.18598954366041132,
    "nnb_ratio": 0.0262706876255107,
    "vv_ratio": 0.09294716432380029,
    "vx_verb_ratio": 0.02109445329270826,
    "va_ratio": 0.015528702998407312,
    "vx_adj_ratio": 0.0,
    "etm_ratio": 0.050247559033307944,
    "etn_ratio": 0.004137525102139741
  },
  "specialized_statistics": {
    "ending_morphemes": {
      "다/EF": 3289,
      "어/EF": 325,
      "야/EF": 128,
      "ᆫ다/EF": 92,
      "ᆯ까/EF": 86,
      "으니까/EF": 46,
      "ᆫ가/EF": 45,
      "지/EF": 43,
      "냐/EF": 39,
      "ᆸ니다/EF": 36,
      "어요/EF": 33,
      "을까/EF": 26,
      "던가/EF": 18,
      "ᆫ데/EF": 18,
      "니까/EF": 18,
      "구나/EF": 18,
      "습니다/EF": 17,
      "대/EF": 16,
      "여/EF": 15,
      "ᆸ니까/EF": 15,
      "어라/EF": 14,
      "에요/EF": 14,
      "는다/EF": 14,
      "세요/EF": 13,
      "라니/EF": 12,
      "는가/EF": 12,
      "라/EF": 10,
      "자/EF": 10,
      "지요/EF": 10,
      "거든/EF": 9,
      "ᆫ대/EF": 9,
      "예요/EF": 9,
      "다니/EF": 9,
      "다네/EF": 9,
      "오/EF": 8,
      "는데/EF": 8,
      "고/EF": 7,
      "니/EF": 7,
      "네/EF": 7,
      "래/EF": 6,
      "요/EF": 6,
      "으랴/EF": 5,
      "잖아/EF": 5,
      "는구나/EF": 5,
      "게/EF": 5,
      "라고/EF": 5,
      "나/EF": 5,
      "ᆯ래/EF": 4,
      "더라/EF": 4,
      "라니까/EF": 4,
      "쇼/EF": 4,
      "은가/EF": 3,
      "듯이/EF": 3,
      "습니까/EF": 3,
      "ᆸ시오/EF": 3,
      "어야지/EF": 3,
      "소서/EF": 3,
      "지만/EF": 3,
      "나이까/EF": 3,
      "려구요/EF": 2,
      "네요/EF": 2,
      "다니까요/EF": 2,
      "으니까요/EF": 2,
      "노라/EF": 2,
      "ᆯ게/EF": 2,
      "니까요/EF": 2,
      "ᆷ/EF": 2,
      "느니라/EF": 2,
      "는지/EF": 2,
      "을걸/EF": 2,
      "라구/EF": 2,
      "다면서/EF": 2,
      "든지/EF": 2,
      "던데/EF": 2,
      "는디/EF": 2,
      "으니/EF": 2,
      "로구나/EF": 2,
      "랴/EF": 2,
      "습디까/EF": 2,
      "더래/EF": 1,
      "읍시다/EF": 1,
      "죠/EF": 1,
      "대요/EF": 1,
      "란다/EF": 1,
      "잖아요/EF": 1,
      "드냐/EF": 1,
      "더라니까요/EF": 1,
      "렵니까/EF": 1,
      "으리오/EF": 1,
      "으므로/EF": 1,
      "ᆯ게요/EF": 1,
      "ᆯ라/EF": 1,
      "구요/EF": 1,
      "나이다/EF": 1,
      "냐구/EF": 1,
      "으라고/EF": 1,
      "을게/EF": 1,
      "느냐/EF": 1,
      "소/EF": 1,
      "라뇨/EF": 1,
      "으니라/EF": 1,
      "ᆫ다고/EF": 1,
      "는구만/EF": 1,
      "다고/EF": 1,
      "드라/EF": 1,
      "거니/EF": 1,
      "로구만/EF": 1,
      "는대/EF": 1,
      "라면서/EF": 1,
      "으쇼/EF": 1,
      "다니까/EF": 1,
      "은데/EF": 1,
      "느냐고/EF": 1,
      "ᆫ가요/EF": 1,
      "ᆯ랍니다/EF": 1,
      "어야지요/EF": 1,
      "엇/EF": 1,
      "라네/EF": 1,
      "ᆫ다네/EF": 1,
      "세/EF": 1
    },
    "punctuations": {
      "./SF": 4585,
      ",/SP": 2679,
      "?/SF": 357,
      "……/SE": 250,
      "“/SSO": 133,
      "”/SSC": 133,
      "(/SSO": 98,
      ")/SSC": 98,
      "</SSO": 71,
      ">/SSC": 71,
      "head/SL": 68,
      "!/SF": 59,
      "//SP": 34,
      "X/SL": 15,
      "‘/SSO": 12,
      "’/SSC": 12,
      "4/SN": 10,
      "2/SN": 8,
      "1/SN": 6,
      "3/SN": 6,
      "6/SN": 6,
      "8/SN": 5,
      "10/SN": 4,
      "5/SN": 4,
      "7/SN": 4,
      "《/SSO": 3,
      "》/SSC": 3,
      "9/SN": 3,
      "'/SSO": 3,
      "'/SSC": 3,
      "―/SS": 2,
      "祭物/SH": 2,
      "『/SSO": 2,
      "』/SSC": 2,
      "→/SW": 2,
      "女/SH": 2,
      "幽都/SH": 2,
      "守成/SH": 2,
      "攻城/SH": 2,
      "26/SN": 2,
      "27/SN": 2,
      "聖地/SH": 1,
      "共鳴/SH": 1,
      "五體投地/SH": 1,
      "懇求/SH": 1,
      "公轉/SH": 1,
      "沛沛漁/SH": 1,
      "鬼氣/SH": 1,
      "古山子/SH": 1,
      "280/SN": 1,
      "320/SN": 1,
      "200/SN": 1,
      "綠衣紅裳/SH": 1,
      "五色汗衫/SH": 1,
      "戰意/SH": 1,
      "座/SH": 1,
      "奇形/SH": 1,
      "鶴翼陣/SH": 1,
      "76/SN": 1,
      "19/SN": 1,
      "60/SN": 1,
      "17/SN": 1,
      "火氣/SH": 1,
      "無錢有罪/SH": 1,
      "有錢無罪/SH": 1,
      "手記/SH": 1,
      "裏面/SH": 1,
      "影幀/SH": 1,
      "壽衣/SH": 1,
      "哭/SH": 1,
      "禮/SH": 1,
      "樂/SH": 1,
      "所以/SH": 1,
      "鑄型/SH": 1,
      "芳遠/SH": 1,
      "首陽/SH": 1,
      "知的/SH": 1,
      "廷吏/SH": 1,
      "誤認/SH": 1,
      "氣球/SH": 1,
      "虛飢/SH": 1,
      "Knisterrasseln/SL": 1,
      "織女/SH": 1,
      "牽牛/SH": 1,
      "X./SL": 1,
      "R.E.M./SL": 1,
      "Rapid/SL": 1,
      "Eye/SL": 1,
      "Movement/SL": 1,
      "急速眼球運動/SH": 1,
      "相柳/SH": 1,
      "海溢/SH": 1,
      "子時/SH": 1,
      "畸形/SH": 1,
      "黃父鬼/SH": 1,
      "武勇談/SH": 1,
      "飛上/SH": 1,
      "16/SN": 1,
      "20/SN": 1,
      "變身/SH": 1,
      "烏石/SH": 1,
      "炎帝/SH": 1,
      "黃帝/SH": 1,
      "戰略/SH": 1,
      "浮浪人/SH": 1,
      "救貧/SH": 1,
      "流速/SH": 1,
      "ㅏ/SW": 1,
      "耽溺/SH": 1,
      "遠慮/SH": 1,
      "思/SH": 1,
      "中世的/SH": 1,
      "情事/SH": 1,
      "坪形/SH": 1,
      "滿船/SH": 1,
      "船主/SH": 1,
      "戰場/SH": 1,
      "望樓/SH": 1,
      "海神/SH": 1,
      "盤古/SH": 1,
      "祭典/SH": 1,
      "11/SN": 1,
      "12/SN": 1,
      "廢/SH": 1,
      "家口/SH": 1,
      "房事/SH": 1,
      "産痛/SH": 1,
      "便意/SH": 1,
      "未熟兒/SH": 1,
      "私有地/SH": 1,
      "三綱五倫/SH": 1,
      "四書三經/SH": 1,
      "去世皆濁我獨淸/SH": 1,
      "聖德王/SH": 1,
      "死守/SH": 1,
      "堂山木/SH": 1,
      "拱手/SH": 1,
      "祭床/SH": 1,
      "勞役/SH": 1,
      "覆蓋/SH": 1,
      "石燈/SH": 1,
      "籠城/SH": 1,
      "101/SN": 1,
      "無道/SH": 1,
      "盛饌/SH": 1,
      "時勢/SH": 1,
      "殘骸/SH": 1,
      "24/SN": 1,
      "幕/SH": 1,
      "彼我/SH": 1
    },
    "etm_detail_freq": {
      "ᆫ/ETM": 1943,
      "는/ETM": 1444,
      "은/ETM": 756,
      "ᆯ/ETM": 720,
      "을/ETM": 284,
      "던/ETM": 216,
      "다는/ETM": 161,
      "라는/ETM": 124,
      "ᆫ다는/ETM": 75,
      "란/ETM": 21,
      "ᆫ단/ETM": 10,
      "려는/ETM": 10,
      "으리라는/ETM": 9,
      "단/ETM": 9,