{
  "metadata": {
    "file_name": "1937_두꺼비_김유정_tagged.txt",
    "author": "김유정",
    "title": "두꺼비",
    "year": "1937",
    "is_excluded_from_display": false
  },
  "perplexity_metrics": {
    "sentence_ppls": [
      58.08227624942205,
      461.487828976811,
      484.7169633035553,
      764.3247668997158,
      722.3835624145269,
      499.9595174913027,
      109.8350151660654,
      115.72551995878035,
      223.01562165899534,
      289.7844810425122,
      861.8205164453373,
      245.27484973721764,
      536.02363593302,
      182.03688433002,
      315.8726562010469,
      569.9252646478056,
      397.942918711746,
      183.10026401294823,
      170.69515165698309,
      210.6017502022391,
      170.25107602761173,
      38.1924271115882,
      186.41188840215545,
      223.60542930364215,
      114.835066531749,
      150.96670656381298,
      232.3521499207893,
      146.28392864197707,
      145.8178119060246,
      568.772803679405,
      347.2449442769037,
      259.4812249340724,
      165.10241070460285,
      320.25508926352757,
      337.61979480280297,
      257.5064944494065,
      330.58576520843,
      292.40398276329637,
      240.32272510042498,
      205.13728689677816,
      423.8019886921797,
      512.6442125481485,
      271.571937118442,
      225.74400717631124
    ],
    "mean_ppl": 308.3981953878212,
    "median_ppl": 251.39067209331205,
    "std_ppl": 186.23375642364718
  },
  "burstiness_metrics": {
    "burstiness_words_cv": 0.5567821919110651,
    "burstiness_chars_cv": 0.5561903429154837,
    "sentence_word_lengths": [
      1,
      11,
      31,
      9,
      15,
      12,
      26,
      15,
      30,
      11,
      9,
      15,
      26,
      19,
      20,
      26,
      32,
      26,
      63,
      38,
      38,
      2,
      52,
      25,
      26,
      56,
      59,
      50,
      31,
      25,
      44,
      22,
      27,
      27,
      30,
      38,
      44,
      62,
      45,
      32,
      12,
      15,
      14,
      53
    ],
    "sentence_char_lengths": [
      3,
      27,
      77,
      22,
      35,
      27,
      61,
      44,
      79,
      35,
      23,
      39,
      72,
      49,
      59,
      72,
      91,
      76,
      165,
      84,
      112,
      6,
      140,
      65,
      70,
      143,
      154,
      142,
      90,
      71,
      113,
      62,
      77,
      68,
      95,
      94,
      118,
      166,
      112,
      85,
      25,
      37,
      40,
      138
    ]
  }
}