{
  "작가": "공선옥",
  "작품수": 10,
  "의미흐름_유사도": 0.3681136011571208,
  "개념유사도_평균": 0.5004239295463245,
  "당혹도_PPL": 1595.3483420086516,
  "버스트성_어절": 0.8367319006753565,
  "버스트성_글자": 0.8446833366220046,
  "네트워크밀도": 0.21551020408163266,
  "네트워크군집도": 0.5647580219395578,
  "네트워크이행성": 0.4110484517430894,
  "정보엔트로피": 8.529276886756847,
  "가독성_LIX": 34.35062690685247,
  "is_excluded": false
}