{
  "작가": "구효서",
  "작품수": 2,
  "의미흐름_유사도": 0.31851354549495403,
  "개념유사도_평균": 0.46715773180805076,
  "당혹도_PPL": 7371.420622131443,
  "버스트성_어절": 0.9129143813762574,
  "버스트성_글자": 0.9165155616308658,
  "네트워크밀도": 0.5730612244897959,
  "네트워크군집도": 0.6716270885976768,
  "네트워크이행성": 0.6542152159013023,
  "정보엔트로피": 8.678545573272118,
  "가독성_LIX": 34.29790928660951,
  "is_excluded": false
}