{
  "작가": "김경",
  "작품수": 7,
  "의미흐름_유사도": 0.3480628148115823,
  "개념유사도_평균": 0.4683674490142075,
  "당혹도_PPL": 417.2320388414247,
  "버스트성_어절": 0.6074976185342279,
  "버스트성_글자": 0.6043382917821625,
  "네트워크밀도": 0.17760932944606414,
  "네트워크군집도": 0.4357845454333066,
  "네트워크이행성": 0.3987106664617019,
  "정보엔트로피": 8.241881675656682,
  "가독성_LIX": 33.558836903841375,
  "is_excluded": false
}