{
  "작가": "김동인",
  "작품수": 5,
  "의미흐름_유사도": 0.36946911213155864,
  "개념유사도_평균": 0.5249045616381276,
  "당혹도_PPL": 2833.0200825773654,
  "버스트성_어절": 0.8189288441552709,
  "버스트성_글자": 0.825744994930424,
  "네트워크밀도": 0.1746938775510204,
  "네트워크군집도": 0.5394169274521838,
  "네트워크이행성": 0.39461523849265007,
  "정보엔트로피": 8.295037252097618,
  "가독성_LIX": 29.34987563618737,
  "is_excluded": false
}