{
  "작가": "김동리",
  "작품수": 3,
  "의미흐름_유사도": 0.41355994407963675,
  "개념유사도_평균": 0.5697862865004225,
  "당혹도_PPL": 47683.87081829478,
  "버스트성_어절": 0.7928390528914356,
  "버스트성_글자": 0.7838844194810933,
  "네트워크밀도": 0.22421768707482992,
  "네트워크군집도": 0.5429235062059582,
  "네트워크이행성": 0.423970714851007,
  "정보엔트로피": 8.463566429230843,
  "가독성_LIX": 32.24447778909927,
  "is_excluded": false
}