{
  "작가": "김주영",
  "작품수": 2,
  "의미흐름_유사도": 0.45219614452474854,
  "개념유사도_평균": 0.6139434364982423,
  "당혹도_PPL": 4286.643375157754,
  "버스트성_어절": 0.7714669446222895,
  "버스트성_글자": 0.7852044246109455,
  "네트워크밀도": 0.5955102040816327,
  "네트워크군집도": 0.672080519672,
  "네트워크이행성": 0.6537615596822441,
  "정보엔트로피": 9.479833967542014,
  "가독성_LIX": 43.56732095393345,
  "is_excluded": false
}