{
  "작가": "김원일",
  "작품수": 2,
  "의미흐름_유사도": 0.3628996787754002,
  "개념유사도_평균": 0.5096450899870422,
  "당혹도_PPL": 6512.757014672693,
  "버스트성_어절": 0.6292854547164359,
  "버스트성_글자": 0.6150260934886206,
  "네트워크밀도": 0.16489795918367345,
  "네트워크군집도": 0.4392173922482746,
  "네트워크이행성": 0.33430678329896923,
  "정보엔트로피": 8.680066668804244,
  "가독성_LIX": 31.431541925638797,
  "is_excluded": false
}