{
  "작가": "김춘복",
  "작품수": 2,
  "의미흐름_유사도": 0.3415558942039968,
  "개념유사도_평균": 0.5224364231141043,
  "당혹도_PPL": 32868.9474596115,
  "버스트성_어절": 0.8628184368766677,
  "버스트성_글자": 0.9047019371235311,
  "네트워크밀도": 0.22000000000000003,
  "네트워크군집도": 0.5028371105897081,
  "네트워크이행성": 0.4055330005989651,
  "정보엔트로피": 8.963046810180568,
  "가독성_LIX": 38.21751670208137,
  "is_excluded": false
}