{
  "작가": "김원우",
  "작품수": 5,
  "의미흐름_유사도": 0.3596671470287269,
  "개념유사도_평균": 0.5062156202004457,
  "당혹도_PPL": 957.8690991819898,
  "버스트성_어절": 1.072446028475859,
  "버스트성_글자": 1.0940756217826906,
  "네트워크밀도": 0.45910204081632655,
  "네트워크군집도": 0.657677302665091,
  "네트워크이행성": 0.600121228160784,
  "정보엔트로피": 9.079422518954193,
  "가독성_LIX": 39.098644890932455,
  "is_excluded": false
}