{
  "작가": "김유정",
  "작품수": 13,
  "의미흐름_유사도": 0.4121027580673866,
  "개념유사도_평균": 0.5920685940074228,
  "당혹도_PPL": 6232.274605836867,
  "버스트성_어절": 0.6692622619425974,
  "버스트성_글자": 0.6760616248902678,
  "네트워크밀도": 0.13783359497645215,
  "네트워크군집도": 0.41650118179342677,
  "네트워크이행성": 0.3333481407843997,
  "정보엔트로피": 8.700547540308442,
  "가독성_LIX": 29.87803883262415,
  "is_excluded": false
}