{
  "작가": "김성한",
  "작품수": 3,
  "의미흐름_유사도": 0.3307403483168294,
  "개념유사도_평균": 0.4942855654789266,
  "당혹도_PPL": 17298.147493681085,
  "버스트성_어절": 0.8243645451344994,
  "버스트성_글자": 0.789138875639281,
  "네트워크밀도": 0.07537414965986394,
  "네트워크군집도": 0.3435057600351718,
  "네트워크이행성": 0.3878203335072939,
  "정보엔트로피": 8.414503662913228,
  "가독성_LIX": 31.12622398620607,
  "is_excluded": false
}