{
  "작가": "김준성",
  "작품수": 8,
  "의미흐름_유사도": 0.3368679761738185,
  "개념유사도_평균": 0.4924983393587385,
  "당혹도_PPL": 5194.9857789967555,
  "버스트성_어절": 0.7430602237986795,
  "버스트성_글자": 0.7384381788829633,
  "네트워크밀도": 0.3256122448979592,
  "네트워크군집도": 0.5737425343038685,
  "네트워크이행성": 0.47741573514497915,
  "정보엔트로피": 8.310622767643808,
  "가독성_LIX": 35.76720688552145,
  "is_excluded": false
}