{
  "작가": "김소진",
  "작품수": 9,
  "의미흐름_유사도": 0.34458798126313916,
  "개념유사도_평균": 0.5142668213929672,
  "당혹도_PPL": 8261.68350794906,
  "버스트성_어절": 0.7572396966482097,
  "버스트성_글자": 0.7800017445542115,
  "네트워크밀도": 0.15936507936507938,
  "네트워크군집도": 0.4448989872264301,
  "네트워크이행성": 0.3539421735392842,
  "정보엔트로피": 9.129891416709143,
  "가독성_LIX": 37.57685280045372,
  "is_excluded": false
}