{
  "작가": "김종광",
  "작품수": 20,
  "의미흐름_유사도": 0.3409248978796464,
  "개념유사도_평균": 0.4904813902835471,
  "당혹도_PPL": 6225.126029480192,
  "버스트성_어절": 0.8347527050879423,
  "버스트성_글자": 0.8549336080714365,
  "네트워크밀도": 0.1877551020408163,
  "네트워크군집도": 0.4643642715916559,
  "네트워크이행성": 0.39155640228737976,
  "정보엔트로피": 8.659790985427431,
  "가독성_LIX": 34.35518201224662,
  "is_excluded": false
}