{
  "작가": "김성동",
  "작품수": 10,
  "의미흐름_유사도": 0.3851738744109962,
  "개념유사도_평균": 0.5320209287093932,
  "당혹도_PPL": 12196.9555116072,
  "버스트성_어절": 1.0485089792973392,
  "버스트성_글자": 1.0770432214870724,
  "네트워크밀도": 0.27289795918367343,
  "네트워크군집도": 0.5713169873558845,
  "네트워크이행성": 0.4669670398892024,
  "정보엔트로피": 8.840740222535226,
  "가독성_LIX": 38.5009285387388,
  "is_excluded": false
}