{
  "작가": "김영현",
  "작품수": 8,
  "의미흐름_유사도": 0.3249299700168966,
  "개념유사도_평균": 0.48287915645901297,
  "당혹도_PPL": 1952.2970106521186,
  "버스트성_어절": 0.674235302891969,
  "버스트성_글자": 0.673355542520565,
  "네트워크밀도": 0.22448979591836737,
  "네트워크군집도": 0.4892496946227824,
  "네트워크이행성": 0.387504865071002,
  "정보엔트로피": 8.66440658216824,
  "가독성_LIX": 36.18832124527877,
  "is_excluded": false
}