{
  "작가": "김승옥",
  "작품수": 2,
  "의미흐름_유사도": 0.3304131790702579,
  "개념유사도_평균": 0.4918395742631769,
  "당혹도_PPL": 5529.122773152232,
  "버스트성_어절": 0.9950654069597241,
  "버스트성_글자": 0.999066649644042,
  "네트워크밀도": 0.17959183673469387,
  "네트워크군집도": 0.4530706324921431,
  "네트워크이행성": 0.36106737036006664,
  "정보엔트로피": 8.272239802833681,
  "가독성_LIX": 30.98381796135063,
  "is_excluded": false
}