{
  "작가": "김한수",
  "작품수": 4,
  "의미흐름_유사도": 0.42726104253082575,
  "개념유사도_평균": 0.5531951302743388,
  "당혹도_PPL": 252.320677127076,
  "버스트성_어절": 0.628740564619156,
  "버스트성_글자": 0.6235910339438786,
  "네트워크밀도": 0.2922448979591837,
  "네트워크군집도": 0.5249999580919302,
  "네트워크이행성": 0.4460103280919543,
  "정보엔트로피": 8.906632527489023,
  "가독성_LIX": 43.75378511152366,
  "is_excluded": false
}