{
  "작가": "김하기",
  "작품수": 8,
  "의미흐름_유사도": 0.3436509451931773,
  "개념유사도_평균": 0.49469799586418906,
  "당혹도_PPL": 2456.364331864766,
  "버스트성_어절": 0.6720314531888343,
  "버스트성_글자": 0.691751843476875,
  "네트워크밀도": 0.24836734693877552,
  "네트워크군집도": 0.515419310405475,
  "네트워크이행성": 0.4115279855544206,
  "정보엔트로피": 8.98473911473534,
  "가독성_LIX": 39.68838271923018,
  "is_excluded": false
}