{
  "작가": "나도향",
  "작품수": 1,
  "의미흐름_유사도": 0.366236205038925,
  "개념유사도_평균": 0.5318797884193369,
  "당혹도_PPL": 6619.018637058013,
  "버스트성_어절": 1.044192641879614,
  "버스트성_글자": 1.0304231897995995,
  "네트워크밀도": 0.17551020408163265,
  "네트워크군집도": 0.5810933954933956,
  "네트워크이행성": 0.41623843782117165,
  "정보엔트로피": 8.347794543949881,
  "가독성_LIX": 28.66685933231277,
  "is_excluded": false
}