{
  "작가": "단편인저자",
  "작품수": 72,
  "의미흐름_유사도": 0.34796773033614264,
  "개념유사도_평균": 0.49442193113283206,
  "당혹도_PPL": 3603.500141701655,
  "버스트성_어절": 0.7317411652990157,
  "버스트성_글자": 0.7410602600913268,
  "네트워크밀도": 0.3379024943310658,
  "네트워크군집도": 0.5680508525146034,
  "네트워크이행성": 0.4882399106109197,
  "정보엔트로피": 8.628088450659074,
  "가독성_LIX": 33.29018317116512,
  "is_excluded": true
}