{
  "작가": "박경리",
  "작품수": 1,
  "의미흐름_유사도": 0.321533325998122,
  "개념유사도_평균": 0.4876965827786842,
  "당혹도_PPL": 5414.577420595297,
  "버스트성_어절": 0.6501483483042638,
  "버스트성_글자": 0.6441620805935587,
  "네트워크밀도": 0.1836734693877551,
  "네트워크군집도": 0.6025704887246682,
  "네트워크이행성": 0.35489833641404805,
  "정보엔트로피": 8.570660835190973,
  "가독성_LIX": 31.84815040315009,
  "is_excluded": false
}