{
  "작가": "박범신",
  "작품수": 13,
  "의미흐름_유사도": 0.34641090447444084,
  "개념유사도_평균": 0.5151983602272876,
  "당혹도_PPL": 4555.762232663144,
  "버스트성_어절": 0.6887896062339691,
  "버스트성_글자": 0.6996788654608099,
  "네트워크밀도": 0.19642072213500786,
  "네트워크군집도": 0.4921864925186441,
  "네트워크이행성": 0.3799985686111569,
  "정보엔트로피": 8.678554578389264,
  "가독성_LIX": 35.589917125695216,
  "is_excluded": false
}