{
  "작가": "박완서",
  "작품수": 16,
  "의미흐름_유사도": 0.36509802757369825,
  "개념유사도_평균": 0.5147386381219383,
  "당혹도_PPL": 1356.829347333462,
  "버스트성_어절": 0.6869135613663384,
  "버스트성_글자": 0.6839553622855707,
  "네트워크밀도": 0.1903061224489796,
  "네트워크군집도": 0.47219736796268574,
  "네트워크이행성": 0.3736388793307736,
  "정보엔트로피": 8.662754895143873,
  "가독성_LIX": 36.517613821175125,
  "is_excluded": false
}