{
  "작가": "박정규",
  "작품수": 5,
  "의미흐름_유사도": 0.35943998906053387,
  "개념유사도_평균": 0.4916360019124615,
  "당혹도_PPL": 7354.309465348897,
  "버스트성_어절": 0.6800938576675356,
  "버스트성_글자": 0.6822165508245547,
  "네트워크밀도": 0.243265306122449,
  "네트워크군집도": 0.4960301639617198,
  "네트워크이행성": 0.4044600882170631,
  "정보엔트로피": 8.818614063605464,
  "가독성_LIX": 38.04923240632978,
  "is_excluded": false
}