{
  "작가": "송기원",
  "작품수": 9,
  "의미흐름_유사도": 0.40657779420984985,
  "개념유사도_평균": 0.5522066575726665,
  "당혹도_PPL": 4694.713229591411,
  "버스트성_어절": 0.7307879075364071,
  "버스트성_글자": 0.7606858364366706,
  "네트워크밀도": 0.22458049886621317,
  "네트워크군집도": 0.5324916063779679,
  "네트워크이행성": 0.3933157652315841,
  "정보엔트로피": 8.630540637891754,
  "가독성_LIX": 38.17569434518651,
  "is_excluded": false
}