{
  "작가": "송영",
  "작품수": 7,
  "의미흐름_유사도": 0.3440692009993698,
  "개념유사도_평균": 0.478487866438472,
  "당혹도_PPL": 1789.5275550783422,
  "버스트성_어절": 0.5953466038161415,
  "버스트성_글자": 0.6098028042207899,
  "네트워크밀도": 0.2246064139941691,
  "네트워크군집도": 0.4602767927327371,
  "네트워크이행성": 0.37376495413534244,
  "정보엔트로피": 8.445607228570262,
  "가독성_LIX": 34.67793699203354,
  "is_excluded": false
}