{
  "작가": "안재성",
  "작품수": 9,
  "의미흐름_유사도": 0.3306179871615815,
  "개념유사도_평균": 0.4816389221724522,
  "당혹도_PPL": 2238.9608957558903,
  "버스트성_어절": 0.7362315150044896,
  "버스트성_글자": 0.7554593588882172,
  "네트워크밀도": 0.2698412698412698,
  "네트워크군집도": 0.4984237527172234,
  "네트워크이행성": 0.42932244214773546,
  "정보엔트로피": 8.766227557717205,
  "가독성_LIX": 37.488070920139556,
  "is_excluded": false
}