{
  "작가": "염상섭",
  "작품수": 1,
  "의미흐름_유사도": 0.40139488056868255,
  "개념유사도_평균": 0.561598743947969,
  "당혹도_PPL": 4973.211448873372,
  "버스트성_어절": 0.840372836802812,
  "버스트성_글자": 0.8506295240773459,
  "네트워크밀도": 0.4742857142857143,
  "네트워크군집도": 0.6423537038877047,
  "네트워크이행성": 0.5804887901434054,
  "정보엔트로피": 9.166534102753657,
  "가독성_LIX": 37.24629424560432,
  "is_excluded": false
}