{
  "작가": "오영수",
  "작품수": 11,
  "의미흐름_유사도": 0.37722080320946194,
  "개념유사도_평균": 0.5363992506587184,
  "당혹도_PPL": 22100.888251514316,
  "버스트성_어절": 0.7834793507512416,
  "버스트성_글자": 0.8007637189349903,
  "네트워크밀도": 0.18738404452690166,
  "네트워크군집도": 0.5572376996840664,
  "네트워크이행성": 0.39488886182919225,
  "정보엔트로피": 8.477194455057228,
  "가독성_LIX": 29.110152004865792,
  "is_excluded": false
}