{
  "작가": "오정희",
  "작품수": 2,
  "의미흐름_유사도": 0.33705715751818266,
  "개념유사도_평균": 0.4816979400381193,
  "당혹도_PPL": 744.3492232143477,
  "버스트성_어절": 0.6896177357223693,
  "버스트성_글자": 0.6936914262425938,
  "네트워크밀도": 0.2195918367346939,
  "네트워크군집도": 0.4797325390963728,
  "네트워크이행성": 0.36951395167605483,
  "정보엔트로피": 8.733336855083131,
  "가독성_LIX": 34.79316522675549,
  "is_excluded": false
}