{
  "작가": "원재길",
  "작품수": 9,
  "의미흐름_유사도": 0.33990479563883763,
  "개념유사도_평균": 0.4812192823482945,
  "당혹도_PPL": 806.6677383922143,
  "버스트성_어절": 0.5430873838147673,
  "버스트성_글자": 0.5346689523083836,
  "네트워크밀도": 0.18938775510204078,
  "네트워크군집도": 0.49558917766354693,
  "네트워크이행성": 0.35847157488135534,
  "정보엔트로피": 8.490798531962252,
  "가독성_LIX": 36.73765399755722,
  "is_excluded": false
}