{
  "작가": "유홍종",
  "작품수": 3,
  "의미흐름_유사도": 0.37519499849352606,
  "개념유사도_평균": 0.49032423671181863,
  "당혹도_PPL": 794.2710141630731,
  "버스트성_어절": 0.640130315158174,
  "버스트성_글자": 0.6552557334787492,
  "네트워크밀도": 0.5635374149659863,
  "네트워크군집도": 0.6806520837429573,
  "네트워크이행성": 0.6506654880984151,
  "정보엔트로피": 8.77113939080625,
  "가독성_LIX": 33.90191094955814,
  "is_excluded": false
}