{
  "작가": "윤흥",
  "작품수": 2,
  "의미흐름_유사도": 0.3607805721985382,
  "개념유사도_평균": 0.5139317430619934,
  "당혹도_PPL": 1401.3484376500023,
  "버스트성_어절": 0.6601821220308669,
  "버스트성_글자": 0.6585656736489562,
  "네트워크밀도": 0.23795918367346938,
  "네트워크군집도": 0.4837722041916646,
  "네트워크이행성": 0.3904411634641344,
  "정보엔트로피": 8.874167483429806,
  "가독성_LIX": 37.85447324962831,
  "is_excluded": false
}