{
  "작가": "이광수",
  "작품수": 2,
  "의미흐름_유사도": 0.41219566694560206,
  "개념유사도_평균": 0.5500767195182852,
  "당혹도_PPL": 1421.889645588948,
  "버스트성_어절": 1.2899693498428046,
  "버스트성_글자": 1.2688627754818844,
  "네트워크밀도": 0.6040816326530611,
  "네트워크군집도": 0.7531931851420393,
  "네트워크이행성": 0.720416308589508,
  "정보엔트로피": 8.6855226419144,
  "가독성_LIX": 29.352131241119753,
  "is_excluded": false
}