{
  "작가": "이범선",
  "작품수": 5,
  "의미흐름_유사도": 0.33389163959831547,
  "개념유사도_평균": 0.48894673465276633,
  "당혹도_PPL": 9731.962363133815,
  "버스트성_어절": 0.8335992140218558,
  "버스트성_글자": 0.8161883676815973,
  "네트워크밀도": 0.17420408163265305,
  "네트워크군집도": 0.48634204871002773,
  "네트워크이행성": 0.43127026127859597,
  "정보엔트로피": 8.313818956880436,
  "가독성_LIX": 28.42298448009418,
  "is_excluded": false
}