{
  "작가": "이문열",
  "작품수": 3,
  "의미흐름_유사도": 0.3760326237563086,
  "개념유사도_평균": 0.5476605653796249,
  "당혹도_PPL": 5084.787351830984,
  "버스트성_어절": 0.6739912564666365,
  "버스트성_글자": 0.6733418289859312,
  "네트워크밀도": 0.21931972789115647,
  "네트워크군집도": 0.48601019500050685,
  "네트워크이행성": 0.3879670148016654,
  "정보엔트로피": 8.66161577615461,
  "가독성_LIX": 35.82716049139921,
  "is_excluded": false
}