{
  "작가": "이청준",
  "작품수": 4,
  "의미흐름_유사도": 0.3958326563996162,
  "개념유사도_평균": 0.5329972943111442,
  "당혹도_PPL": 1583.9456716087802,
  "버스트성_어절": 0.6313771062194278,
  "버스트성_글자": 0.6276282404462379,
  "네트워크밀도": 0.34346938775510205,
  "네트워크군집도": 0.5785091185747762,
  "네트워크이행성": 0.4787090028216251,
  "정보엔트로피": 8.612378440770527,
  "가독성_LIX": 33.901729754878296,
  "is_excluded": false
}