{
  "작가": "이인성",
  "작품수": 3,
  "의미흐름_유사도": 0.3722955664711896,
  "개념유사도_평균": 0.4948147344473319,
  "당혹도_PPL": 5434.033368762081,
  "버스트성_어절": 1.68544648429825,
  "버스트성_글자": 1.728740496392047,
  "네트워크밀도": 0.3039455782312925,
  "네트워크군집도": 0.588253306198009,
  "네트워크이행성": 0.5425529924448695,
  "정보엔트로피": 8.538899858708229,
  "가독성_LIX": 33.36849083345692,
  "is_excluded": false
}