{
  "작가": "이태준",
  "작품수": 19,
  "의미흐름_유사도": 0.3905959014957013,
  "개념유사도_평균": 0.5624658058372572,
  "당혹도_PPL": 24550.451107520203,
  "버스트성_어절": 0.9037224489609103,
  "버스트성_글자": 0.9196938029260482,
  "네트워크밀도": 0.1628786251342642,
  "네트워크군집도": 0.5362959839128201,
  "네트워크이행성": 0.4147861907408692,
  "정보엔트로피": 8.518070106408707,
  "가독성_LIX": 33.37561116686593,
  "is_excluded": false
}