{
  "작가": "이효석",
  "작품수": 3,
  "의미흐름_유사도": 0.3683293637804188,
  "개념유사도_평균": 0.5401914324773881,
  "당혹도_PPL": 1076.4709835085819,
  "버스트성_어절": 0.6129413315087142,
  "버스트성_글자": 0.6131826094440779,
  "네트워크밀도": 0.12598639455782312,
  "네트워크군집도": 0.49659003469297586,
  "네트워크이행성": 0.37652968365241585,
  "정보엔트로피": 8.27751410141065,
  "가독성_LIX": 34.359282376524625,
  "is_excluded": false
}