{
  "작가": "이혜경",
  "작품수": 8,
  "의미흐름_유사도": 0.34205459676705674,
  "개념유사도_평균": 0.48806836914662377,
  "당혹도_PPL": 794.3710480546729,
  "버스트성_어절": 0.7111565889182889,
  "버스트성_글자": 0.7114641129827681,
  "네트워크밀도": 0.16408163265306122,
  "네트워크군집도": 0.4606980338031889,
  "네트워크이행성": 0.345196428535838,
  "정보엔트로피": 8.732455270353785,
  "가독성_LIX": 37.440756199473185,
  "is_excluded": false
}