{
  "작가": "이호철",
  "작품수": 8,
  "의미흐름_유사도": 0.39736174897172666,
  "개념유사도_평균": 0.5595184101791713,
  "당혹도_PPL": 1496.5222562491354,
  "버스트성_어절": 1.0403895506287488,
  "버스트성_글자": 1.0506995320629295,
  "네트워크밀도": 0.3560204081632653,
  "네트워크군집도": 0.6180262935883368,
  "네트워크이행성": 0.5462412742527071,
  "정보엔트로피": 8.877077027711232,
  "가독성_LIX": 41.88852601814338,
  "is_excluded": false
}