{
  "작가": "전상국",
  "작품수": 2,
  "의미흐름_유사도": 0.3357746641095072,
  "개념유사도_평균": 0.4896968110830985,
  "당혹도_PPL": 1465.5100072293521,
  "버스트성_어절": 0.7286520631490568,
  "버스트성_글자": 0.7356607939272621,
  "네트워크밀도": 0.20081632653061224,
  "네트워크군집도": 0.47520416680636746,
  "네트워크이행성": 0.35437265270693963,
  "정보엔트로피": 8.472066382377609,
  "가독성_LIX": 32.020239755701915,
  "is_excluded": false
}