{
  "작가": "정종명",
  "작품수": 6,
  "의미흐름_유사도": 0.3370235542679241,
  "개념유사도_평균": 0.4890306370338949,
  "당혹도_PPL": 681.6804980010348,
  "버스트성_어절": 0.7355052111345693,
  "버스트성_글자": 0.7521220276153427,
  "네트워크밀도": 0.36000000000000004,
  "네트워크군집도": 0.5662872198995497,
  "네트워크이행성": 0.48832579108483953,
  "정보엔트로피": 8.841947863139323,
  "가독성_LIX": 35.57338784340255,
  "is_excluded": false
}