{
  "작가": "조선작",
  "작품수": 2,
  "의미흐름_유사도": 0.36682689058310813,
  "개념유사도_평균": 0.5326860992271205,
  "당혹도_PPL": 1433.058191899578,
  "버스트성_어절": 0.6632061578351578,
  "버스트성_글자": 0.6731021074440695,
  "네트워크밀도": 0.1746938775510204,
  "네트워크군집도": 0.5246518811195433,
  "네트워크이행성": 0.33463666984689766,
  "정보엔트로피": 8.479221230452819,
  "가독성_LIX": 35.505854788262326,
  "is_excluded": false
}