{
  "작가": "차현숙",
  "작품수": 9,
  "의미흐름_유사도": 0.3174705081618784,
  "개념유사도_평균": 0.4620920934098943,
  "당혹도_PPL": 34548.80023286489,
  "버스트성_어절": 0.701491588692124,
  "버스트성_글자": 0.7158364691883415,
  "네트워크밀도": 0.18784580498866216,
  "네트워크군집도": 0.454438882121782,
  "네트워크이행성": 0.3599826603409869,
  "정보엔트로피": 8.477896728373427,
  "가독성_LIX": 29.179433029754804,
  "is_excluded": false
}