{
  "작가": "채만식",
  "작품수": 6,
  "의미흐름_유사도": 0.4187672947444798,
  "개념유사도_평균": 0.5735535208313317,
  "당혹도_PPL": 28291.18165153266,
  "버스트성_어절": 0.9470723783851321,
  "버스트성_글자": 0.9569275990974506,
  "네트워크밀도": 0.22789115646258504,
  "네트워크군집도": 0.5198368432057312,
  "네트워크이행성": 0.448726223464657,
  "정보엔트로피": 8.98622147704223,
  "가독성_LIX": 32.70868746684335,
  "is_excluded": false
}