{
  "작가": "채희윤",
  "작품수": 8,
  "의미흐름_유사도": 0.3371432310044427,
  "개념유사도_평균": 0.5018741423597249,
  "당혹도_PPL": 2518.3586379596914,
  "버스트성_어절": 0.7272574491607925,
  "버스트성_글자": 0.7315370127314857,
  "네트워크밀도": 0.21051020408163268,
  "네트워크군집도": 0.5304289891997767,
  "네트워크이행성": 0.3753398559400456,
  "정보엔트로피": 8.705013415116852,
  "가독성_LIX": 37.234038892556555,
  "is_excluded": false
}