{
  "작가": "최인훈",
  "작품수": 3,
  "의미흐름_유사도": 0.31890307549821933,
  "개념유사도_평균": 0.46174161818129233,
  "당혹도_PPL": 7794.851676134235,
  "버스트성_어절": 0.9461870779144945,
  "버스트성_글자": 0.9655301158041804,
  "네트워크밀도": 0.48081632653061224,
  "네트워크군집도": 0.6440645904697567,
  "네트워크이행성": 0.6083226511303155,
  "정보엔트로피": 8.780332942866806,
  "가독성_LIX": 28.586664968225396,
  "is_excluded": false
}