{
  "작가": "최일남",
  "작품수": 2,
  "의미흐름_유사도": 0.35069126205429224,
  "개념유사도_평균": 0.5089014095565356,
  "당혹도_PPL": 14984.49996202825,
  "버스트성_어절": 0.8850456165148191,
  "버스트성_글자": 0.9105468747207965,
  "네트워크밀도": 0.28653061224489795,
  "네트워크군집도": 0.5562004990037865,
  "네트워크이행성": 0.44664704059497984,
  "정보엔트로피": 8.983577258320725,
  "가독성_LIX": 33.084079953838305,
  "is_excluded": false
}