{
  "작가": "최인석",
  "작품수": 3,
  "의미흐름_유사도": 0.3465406197167697,
  "개념유사도_평균": 0.47003116285323626,
  "당혹도_PPL": 1691.207957679294,
  "버스트성_어절": 1.0296030572783437,
  "버스트성_글자": 1.0410565759095007,
  "네트워크밀도": 0.446530612244898,
  "네트워크군집도": 0.6362367165478968,
  "네트워크이행성": 0.5817020460164373,
  "정보엔트로피": 8.72963915312318,
  "가독성_LIX": 36.32068984161355,
  "is_excluded": false
}