{
  "작가": "최서해",
  "작품수": 2,
  "의미흐름_유사도": 0.36036141837149316,
  "개념유사도_평균": 0.5219576758395488,
  "당혹도_PPL": 25115.705332670703,
  "버스트성_어절": 0.7880680141210825,
  "버스트성_글자": 0.8120985745613047,
  "네트워크밀도": 0.15183673469387754,
  "네트워크군집도": 0.5412441764074116,
  "네트워크이행성": 0.3982870926374499,
  "정보엔트로피": 8.437892929703331,
  "가독성_LIX": 30.008655665758504,
  "is_excluded": false
}