{
  "작가": "한승원",
  "작품수": 2,
  "의미흐름_유사도": 0.3483629461688791,
  "개념유사도_평균": 0.4922160997458934,
  "당혹도_PPL": 1010.6733253253515,
  "버스트성_어절": 0.7690562589979673,
  "버스트성_글자": 0.7656952356803732,
  "네트워크밀도": 0.6914285714285715,
  "네트워크군집도": 0.7832653581983164,
  "네트워크이행성": 0.7614387611518314,
  "정보엔트로피": 8.949631068058835,
  "가독성_LIX": 34.51932565977879,
  "is_excluded": false
}