{
  "작가": "현진건",
  "작품수": 6,
  "의미흐름_유사도": 0.37691499944664947,
  "개념유사도_평균": 0.5530340537212637,
  "당혹도_PPL": 8905.506569533432,
  "버스트성_어절": 0.8010753099635912,
  "버스트성_글자": 0.8000457338395582,
  "네트워크밀도": 0.1420408163265306,
  "네트워크군집도": 0.5524180027869714,
  "네트워크이행성": 0.4121793492562716,
  "정보엔트로피": 8.387849817744595,
  "가독성_LIX": 32.03460729253794,
  "is_excluded": false
}