{
  "작가": "황석영",
  "작품수": 5,
  "의미흐름_유사도": 0.36377717388433795,
  "개념유사도_평균": 0.5339728289022994,
  "당혹도_PPL": 2031.0330002781066,
  "버스트성_어절": 0.8723032889194091,
  "버스트성_글자": 0.8910522968316081,
  "네트워크밀도": 0.4066938775510204,
  "네트워크군집도": 0.5681372609211724,
  "네트워크이행성": 0.526803033418452,
  "정보엔트로피": 9.043100641882296,
  "가독성_LIX": 35.47321902342655,
  "is_excluded": false
}