{
  "작가": "황순원",
  "작품수": 5,
  "의미흐름_유사도": 0.39104535655049977,
  "개념유사도_평균": 0.5585489406592842,
  "당혹도_PPL": 854.8761794138584,
  "버스트성_어절": 0.7203481514186718,
  "버스트성_글자": 0.7094908630531936,
  "네트워크밀도": 0.220734693877551,
  "네트워크군집도": 0.6065289133369649,
  "네트워크이행성": 0.45034607277340993,
  "정보엔트로피": 8.176783960622146,
  "가독성_LIX": 32.62895875128412,
  "is_excluded": false
}